Workbook

Sheet Lines & Transformers
J1: Sbase = 1 MVA
B2: Line Data | L2: Transformers Data
B3: From bus- To bus | C3: Line length(m) | D3: R(mΩ) | E3: X(mΩ) | F3: Line-charging(μF) | G3: Current-limits(A) | H3: System voltage | I3: Operating voltage (kV) | J3: Voltage bases (Vb) | M3: Connected to Bus | N3: Transfor-mer Id | O3: X(%) | P3: Rating(kVA)
B4: 07:3/4-07:8.1 | C4: 275 | D4: 34.4 | E4: 23.3 | F4: 0.11 | G4: 385 | H4: 12 kV | I4: 10.5/0.4 | J4: 10.5/0.4 | M4: 07:3/4 | N4: T04.6 | O4: 5.8 | P4: 1000
B5: 07:3/4-07:1 | C5: 250 | D5: 14.4 | E5: 6.4 | F5: 0.0245 | G5: 385 | H5: 12 kV | I5: 10.5/0.4 | J5: 10.5/0.4 | M5: 0.29583333 | N5: T06.1 | O5: 5.8 | P5: 800
B6: 07:6-07:8.1.2 | C6: 110 | D6: 13.8 | E6: 9.3 | F6: 0.044 | G6: 385 | H6: 12 kV | I6: 10.5/0.4 | J6: 10.5/0.4 | M6: O13 | N6: T13.1 | O6: 4.82 | P6: 800
B7: 013-07:1 | C7: 100 | D7: 20.6 | E7: 9.3 | F7: 0.035 | G7: 300 | H7: 12 kV | I7: 10.5/0.4 | J7: 10.5/0.4 | M7: 07:29E | N7: T5 | O7: 5 | P7: 1250
B8: 07:8.1-07:8 | C8: 25 | D8: 1.6 | E8: 1.1 | F8: 0.005 | G8: 770 | H8: 12 kV | I8: 10.5/0.4 | J8: 10.5/0.4 | M8: 07:29E | N8: T3 | O8: 5 | P8: 1250
B9: 07:8.1-07:8.1.1 | C9: 15 | D9: 1.9 | E9: 1.3 | F9: 0.006 | G9: 385 | H9: 12 kV | I9: 10.5/0.4 | J9: 10.5/0.4 | M9: 07:29E | N9: T1 | O9: 4.9 | P9: 1250
B10: 07:8.1-07:8.1.2 | C10: 20 | D10: 2.5 | E10: 1.7 | F10: 0.008 | G10: 385 | H10: 12 kV | I10: 10.5/0.4 | J10: 10.5/0.4 | M10: 07:8.1.1.1 | N10: T08.1 | O10: 6.31 | P10: 800
B11: 07:8.1-07:8.1.3 | C11: 25 | D11: 3.1 | E11: 2.1 | F11: 0.01 | G11: 385 | H11: 12 kV | I11: 10.5/0.4 | J11: 10.5/0.4 | M11: 07:8.1.1.1 | N11: T08.3 | O11: 5 | P11: 800
B12: 07:8-07:29E | C12: 420 | D12: 52.5 | E12: 35.6 | F12: 0.168 | G12: 385 | H12: 12 kV | I12: 10.5/0.4 | J12: 10.5/0.4 | M12: 0.29236111 | N12: T01.1 | O12: 5.7 | P12: 800
B13: 07:8.1.1-07:8.1.1.1 | C13: 25 | D13: 3.1 | E13: 2.1 | F13: 0.01 | G13: 385 | H13: 12 kV | I13: 10.5/0.4 | J13: 10.5/0.4 | M13: 0.29236111 | N13: T01.2 | O13: 6.3 | P13: 1000
B14: 07:8.1.2-07:11B | C14: 330 | D14: 41.3 | E14: 28 | F14: 0.132 | G14: 385 | H14: 12 kV | I14: 10.5/0.4 | J14: 10.5/0.4 | M14: 0.30486111 | N14: T19.1 | O14: 4.27 | P14: 400
B15: 07:8.1.2-07:28 | C15: 80 | D15: 10 | E15: 6.8 | F15: 0.032 | G15: 385 | H15: 12 kV | I15: 10.5/0.4 | J15: 10.5/0.4 | M15: 0.30763889 | N15: T23.1 | O15: 4.8 | P15: 800
B16: 07:8.1.3-07:19 | C16: 225 | D16: 28.1 | E16: 19.1 | F16: 0.09 | G16: 385 | H16: 12 kV | I16: 10.5/0.4 | J16: 10.5/0.4 | M16: 0.31041667 | N16: T27.2 | O16: 4.9 | P16: 800
B17: 07:8.1.3-07:35 | C17: 400 | D17: 50 | E17: 33.9 | F17: 0.16 | G17: 385 | H17: 12 kV | I17: 10.5/0.4 | J17: 10.5/0.4 | M17: 0.32013889 | N17: T40.1 | O17: 5.8 | P17: 800
B18: 07:19-07:23 | C18: 300 | D18: 37.5 | E18: 25.4 | F18: 0.12 | G18: 385 | H18: 12 kV | I18: 10.5/0.4 | J18: 10.5/0.4 | M18: 07:11B | N18: T11.2 | O18: 4.5 | P18: 1250
B19: 07:23-07:27 | C19: 165 | D19: 20.6 | E19: 14 | F19: 0.066 | G19: 385 | H19: 12 kV | I19: 10.5/0.4 | J19: 10.5/0.4 | M19: 0.31111111 | N19: T28.1 | O19: 6.3 | P19: 800
A20: * | B20: 07:41-07:35(SF) | C20: 400 | D20: 51.3 | E20: 34.8 | F20: 0.164 | G20: 385 | H20: 12 kV | I20: 10.5/0.4 | J20: 10.5/0.4 | M20: 0.31111111 | N20: T28.3 | O20: 6.3 | P20: 800
A21: * | B21: 07:35(HS)-07:12 | C21: 25 | D21: 4 | E21: 1.2 | F21: 0.004 | G21: 205 | H21: 12 kV | I21: 10.5/0.4 | J21: 10.5/0.4 | M21: 07:35(SF) | N21: T35.1 | O21: 5.2 | P21: 800
A22: * | B22: 07:35(HS)-07:35(SF) | C22: 10 | D22: 1.3 | E22: 0.9 | F22: 0.004 | G22: 385 | H22: 12 kV | I22: 10.5/0.4 | J22: 10.5/0.4 | M22: 07:35(SF) | N22: T35.2 | O22: 4.9 | P22: 600
M23: 0.3 | N23: T12.1 | O23: 5.2 | P23: 1250
M24: 0.3 | N24: T12.2 | O24: 5.2 | P24: 1250
A26: *07:35(SF) | B26: Ställverk/Förråd
A27: *07:35(HS) | B27: Hyresgästens ställverk

Sheet Buses
A1: bus_name | B1: Building_name | C1: bus_number | D1: baseKV | E1: in_service | F1: geodata | G1: type | H1: zone | I1: VM | J1: VA | K1: VNLB | L1: VNUB | M1: VELB | N1: VEUB
A2: 07:8 | B2: Kraftcentral_RUM1120 | C2: 0 | D2: 10.5 | E2: TRUE | F2: 57.68936959071839, 11.977282946239676
A3: 07:8.1 | B3: Kraftcentral_RUM4026 | C3: 1 | D3: 10.5 | E3: TRUE | F3: 57.68936959071839, 11.977282946239676
A4: 07:8.1.1 | B4: Kraftcentral_RUM4023 | C4: 2 | D4: 10.5 | E4: TRUE | F4: 57.68936959071839, 11.977282946239676
A5: 07:8.1.2 | B5: Kraftcentral_RUM4023 | C5: 3 | D5: 10.5 | E5: TRUE | F5: 57.68936959071839, 11.977282946239676
A6: 07:8.1.3 | B6: Kraftcentral_RUM4023 | C6: 4 | D6: 10.5 | E6: TRUE | F6: 57.68936959071839, 11.977282946239676
A7: 07:8.1.1.1 | B7: Kraftcentral_RUM1019 | C7: 5 | D7: 10.5 | E7: TRUE | F7: 57.68936959071839, 11.977282946239676
A8: 07:19 | B8: Administration_RUM1031 | C8: 6 | D8: 10.5 | E8: TRUE | F8: 57.68889361071283, 11.974691932327556
A9: 07:23 | B9: VoVI_RUM0120 | C9: 7 | D9: 10.5 | E9: TRUE | F9: 57.68744845124028, 11.977240048987328
A10: 07:28 | B10: Maskin_RUM0303 | C10: 8 | D10: 10.5 | E10: TRUE | F10: 57.688837813397555, 11.978367919935518
A11: 07:28D5 | B11: MaskinDel5_RUM0211 | C11: 9 | D11: 10.5 | E11: TRUE | F11: 57.68822951457298, 11.97794032573145
A12: 07:27 | B12: VoVII_RUM0053 | C12: 10 | D12: 10.5 | E12: TRUE | F12: 57.686393009670695, 11.977594748559932
A13: 07:41 | B13: MatematisktCentrum_RUMxx | C13: 11 | D13: 10.5 | E13: TRUE | F13: 57.68554403007448, 11.981385351028386
... A23: 07:4.2 | B23: Kemi_RUM0008 | C23: 21 | D23: 10.5 | E23: TRUE | F23: 57.69124139067213, 11.978222962788031
A24: 07:8_T08.4_LV | B24: Kraftcentral_RUM4026 | C24: 22 | D24: 0.4 | E24: TRUE | F24: =$F2 -> 57.68936959071839, 11.977282946239676
A25: 07:28D5_T28.5_LV | B25: MaskinDel5_RUM0211 | C25: 23 | D25: 0.4 | E25: TRUE | F25: 57.68822951457298, 11.97794032573145
A26: 07:8.1.1.1_T08.3_LV | B26: Kraftcentral_RUM1019 | C26: 24 | D26: 0.4 | E26: TRUE | F26: =$F4 -> 57.68936959071839, 11.977282946239676
A27: 07:8.1.1.1_T08.1_LV | B27: Kraftcentral_RUM1019 | C27: 25 | D27: 0.4 | E27: TRUE | F27: =$F5 -> 57.68936959071839, 11.977282946239676
A28: 07:8.1.3_T08.5_LV | B28: Kraftcentral_RUM4023 | C28: 26 | D28: 0.4 | E28: TRUE | F28: =$F6 -> 57.68936959071839, 11.977282946239676
A29: 07:19_T19.1_LV | B29: Administration_RUM1031 | C29: 27 | D29: 0.4 | E29: TRUE | F29: =$F8 -> 57.68889361071283, 11.974691932327556
A30: 07:19_T19.2_LV | B30: Administration_RUM1031 | C30: 28 | D30: 0.4 | E30: FALSE | F30: =$F8 -> 57.68889361071283, 11.974691932327556
A31: 07:23_T23.2_LV | B31: VoVI_RUM0120 | C31: 29 | D31: 0.4 | E31: TRUE | F31: =F9 -> 57.68744845124028, 11.977240048987328
A32: 07:23_T23.1_LV | B32: VoVI_RUM0120 | C32: 30 | D32: 0.4 | E32: TRUE | F32: =F9 -> 57.68744845124028, 11.977240048987328
A33: 07:27_T27.1_LV | B33: VoVII_RUM0053 | C33: 31 | D33: 0.4 | E33: FALSE | F33: =F12 -> 57.686393009670695, 11.977594748559932
A34: 07:27_T27.2_LV | B34: VoVII_RUM0053 | C34: 32 | D34: 0.4 | E34: TRUE | F34: =F12 -> 57.686393009670695, 11.977594748559932
A35: 07:41_T40.1_LV | B35: MatematisktCentrum_RUMxx | C35: 33 | D35: 0.4 | E35: TRUE | F35: =F13 -> 57.68554403007448, 11.981385351028386
A36: 07:41_T40.2_LV | B36: MatematisktCentrum_RUMxx | C36: 34 | D36: 0.4 | E36: FALSE | F36: =F13 -> 57.68554403007448, 11.981385351028386
A37: 07:11B_T11.1_LV | B37: ElektroData_RUMxx | C37: 35 | D37: 0.4 | E37: FALSE | F37: =F$14 -> 57.687699324095576, 11.978917041907883
A38: 07:11B_T11.2_LV | B38: ElektroData_RUMxx | C38: 36 | D38: 0.4 | E38: TRUE | F38: =F$14 -> 57.687699324095576, 11.978917041907883
A39: 07:28_T28.1_LV | B39: Maskin_RUM0303 | C39: 37 | D39: 0.4 | E39: TRUE | F39: =$F10 -> 57.688837813397555, 11.978367919935518
A40: 07:28_T28.2_LV | B40: Maskin_RUM0303 | C40: 38 | D40: 0.4 | E40: FALSE | F40: =$F10 -> 57.688837813397555, 11.978367919935518
A41: 07:28_T28.3_LV | B41: Maskin_RUM0303 | C41: 39 | D41: 0.4 | E41: TRUE | F41: =$F10 -> 57.688837813397555, 11.978367919935518
A42: 07:35_T35.1_LV | B42: Elektro | C42: 40 | D42: 0.4 | E42: TRUE | F42: =F15 -> 57.687188415166176, 11.980019287689991
A43: 07:35_T35.2_LV | B43: Elektro | C43: 41 | D43: 0.23 | E43: TRUE | F43: =F15 -> 57.687188415166176, 11.980019287689991
A44: 07:12_T12.1_LV | B44: Elkraft | C44: 42 | D44: 0.4 | E44: TRUE | F44: =F16 -> 57.687188415166176, 11.980019287689991
A45: 07:12_T12.2_LV | B45: Elkraft | C45: 43 | D45: 0.4 | E45: TRUE | F45: =F16 -> 57.687188415166176, 11.980019287689991
A46: 07:29E_T1_LV | B46: MikroElektronik_RUMA104 | C46: 44 | D46: 0.4 | E46: TRUE | F46: =F$17 -> 57.691520957780114, 11.973935169200454
A47: 07:29E_T2_LV | B47: MikroElektronik_RUMA104 | C47: 45 | D47: 0.4 | E47: FALSE | F47: =F$17 -> 57.691520957780114, 11.973935169200454
A48: 07:29E_T3_LV | B48: MikroElektronik_RUMA104 | C48: 46 | D48: 0.4 | E48: TRUE | F48: =F$17 -> 57.691520957780114, 11.973935169200454
A49: 07:29E_T4_LV | B49: MikroElektronik_RUMA104 | C49: 47 | D49: 0.4 | E49: FALSE | F49: =F$17 -> 57.691520957780114, 11.973935169200454
A50: 07:29E_T5_LV | B50: MikroElektronik_RUMA109 | C50: 48 | D50: 0.4 | E50: TRUE | F50: =F$17 -> 57.691520957780114, 11.973935169200454
A51: 07:29E_T6_LV | B51: MikroElektronik_RUMA109 | C51: 49 | D51: 0.4 | E51: FALSE | F51: =F$17 -> 57.691520957780114, 11.973935169200454
A52: 07:29E_T7_LV | B52: MikroElektronik_RUMA109 | C52: 50 | D52: 0.4 | E52: FALSE | F52: =F$17 -> 57.691520957780114, 11.973935169200454
A53: 013_T13.1_LV | B53: Keram_RUM014 | C53: 51 | D53: 0.4 | E53: TRUE | F53: =F$18 -> 57.69046503857689, 11.974687356606786
A54: 07:1_T01.1_LV | B54: Fysik_RUM3118 | C54: 52 | D54: 0.4 | E54: TRUE | F54: =F$19 -> 57.69025910014651, 11.975843018484557
A55: 07:1_T01.2_LV | B55: Fysik_RUM3118 | C55: 53 | D55: 0.4 | E55: TRUE | F55: =F$19 -> 57.69025910014651, 11.975843018484557
A56: 07:1_T01.3_LV | B56: Fysik_RUM3118 | C56: 54 | D56: 0.23 | E56: TRUE | F56: =F$19 -> 57.69025910014651, 11.975843018484557
A57: 07:6_T06.1_LV | B57: MV_RUM1110 | C57: 55 | D57: 0.4 | E57: TRUE | F57: =F$20 -> 57.68990604836349, 11.977579105751436
A58: 07:6_T06.2_LV | B58: MV_RUM1110 | C58: 56 | D58: 0.4 | E58: FALSE | F58: =F$20 -> 57.68990604836349, 11.977579105751436
A59: 07:3/4_T04.6_LV | B59: 07:3/4_RUM11002 | C59: 57 | D59: 0.4 | E59: TRUE | F59: =F$21 -> 57.69070671680911, 11.975991685873511
A60: 07:4.1_T04.1_LV | B60: Kemi_RUM2105 | C60: 58 | D60: 0.4 | E60: TRUE | F60: =F$22 -> 57.69098089922031, 11.977227125676464
A61: 07:4.1_T04.2_LV | B61: Kemi_RUM2105 | C61: 59 | D61: 0.4 | E61: TRUE | F61: =F$22 -> 57.69098089922031, 11.977227125676464
A62: 07:4.1_T04.3_LV | B62: Kemi_RUM2105 | C62: 60 | D62: 0.4 | E62: TRUE | F62: =F$22 -> 57.69098089922031, 11.977227125676464
A63: 07:4.2_T04.4_LV | B63: Kemi_RUM0008 | C63: 61 | D63: 0.4 | E63: FALSE | F63: =F$23 -> 57.69124139067213, 11.978222962788031
A64: 07:4.2_T04.5_LV | B64: Kemi_RUM0008 | C64: 62 | D64: 0.4 | E64: TRUE | F64: =F$23 -> 57.69124139067213, 11.978222962788031
A65: ExtGrid | B65: Artificial_bus_extGrid | C65: 63 | D65: 10.5 | E65: TRUE | F65: 57.68936959071839, 11.977282946239676

Sheet Lines
A1: name_names | B1: from_busname | C1: to_busname | D1: from_busnumber | E1: to_busnumber | F1: length_km | G1: cable_type | H1: r_ohm_per_km | I1: x_ohm_per_km | J1: c_nf_per_km | K1: r (ohm) | L1: x (ohm) | M1: c (nF) | N1: B(1/ohm) | O1: max_I_kA | P1: ShortTermRating | Q1: ContinousRating | R1: in_service | S1: angLB | T1: angUB | U1: probability | V1: y_pu | W1: capacity_kW
A2: 07:8-07:8.1_a | C2: =Buses!$A$3 -> 07:8.1 | D2: =Buses!$C$2 -> 0 | E2: =Buses!$C$3 -> 1 | F2: 0.025 | G2: Al 240 | H2: ='Cable properties-reference'!$B$2 -> 0.125 | I2: =2*3.1415*0.001*50*'Cable properties-reference'!$C$2 -> 0.0848205 | J2: ='Cable properties-reference'!$D$2 -> 420 | K2: =H2*$F2 -> 0.003125 | L2: =I2*$F2 -> 0.0021205125 | M2: =J2*$F2 -> 10.5 | N2: 6.594e-08 | O2: ='Cable properties-reference'!$E$2 -> 0.34 | R2: TRUE | V2: =1/L2 -> 471.58411 | W2: =O2*1000*10.5*0.95*SQRT(3) -> 5874.2503 | AB2: The "old" list of lines (from sheet "Lines and Transformers")
A3: 07:8-07:8.1_b | B3: =Buses!$A$2 -> 07:8 | C3: =Buses!$A$3 -> 07:8.1 | D3: =Buses!$C$2 -> 0 | E3: =Buses!$C$3 -> 1 | F3: 0.025 | G3: Al 240 | H3: ='Cable properties-reference'!$B$2 -> 0.125 | I3: =2*3.1415*0.001*50*'Cable properties-reference'!$C$2 -> 0.0848205 | J3: ='Cable properties-reference'!$D$2 -> 420 | K3: 0.00375 | L3: =I3*$F3 -> 0.0021205125 | M3: =J3*$F3 -> 10.5 | N3: 6.594e-08 | O3: ='Cable properties-reference'!$E$2 -> 0.34 | R3: TRUE | V3: =1/L3 -> 471.58411 | W3: =O3*1000*10.5*0.95*SQRT(3) -> 5874.2503 | AB3: corresponding row in the new table (excel's row) | AC3: From bus- To bus | AD3: cable_type | AE3: Line length(m) | AF3: r_per_km | AG3: R(mΩ) | AH3: X_per_km | AI3: X(mΩ) | AK3: Line-charging(μF) | AL3: Current-limits(A) | AM3: System voltage | AN3: Operating voltage (kV) | AO3: Voltage bases (Vb)
A4: 07:8-07:29E_a | B4: =Buses!$A$2 -> 07:8 | C4: =Buses!$A$17 -> 07:29E | D4: =Buses!$C$2 -> 0 | E4: =Buses!$C$17 -> 15 | F4: 0.42 | G4: Al 240 | H4: ='Cable properties-reference'!$B$2 -> 0.125 | I4: =2*3.1415*0.001*50*'Cable properties-reference'!$C$2 -> 0.0848205 | J4: ='Cable properties-reference'!$D$2 -> 420 | K4: =H4*$F4 -> 0.0525 | L4: =I4*$F4 -> 0.03562461 | M4: =J4*$F4 -> 176.4 | N4: 1.107792e-06 | O4: ='Cable properties-reference'!$E$2 -> 0.34 | R4: TRUE | V4: =1/L4 -> 28.070483 | W4: =O4*1000*10.5*0.95*SQRT(3) -> 5874.2503 | AB4: 9 | AC4: 07:3/4-07:8.1 | AD4: Al 240 | AE4: 275 | AF4: =AG4/(AE4/1000) -> 125.09091 | AG4: 34.4 | AH4: =AI4/(AE4/1000) -> 84.727273 | AI4: 23.3 | AJ4: =AK4/(AE4/1000) -> 0.4 | AK4: 0.11 | AL4: 385 | AM4: 12 kV | AN4: 10.5/0.4 | AO4: 10.5/0.4
A5: 07:8-07:29E_b | B5: =Buses!$A$2 -> 07:8 | C5: =Buses!$A$17 -> 07:29E | D5: =Buses!$C$2 -> 0 | E5: =Buses!$C$17 -> 15 | F5: 0.42 | G5: Al 240 | H5: ='Cable properties-reference'!$B$2 -> 0.125 | I5: =2*3.1415*0.001*50*'Cable properties-reference'!$C$2 -> 0.0848205 | J5: ='Cable properties-reference'!$D$2 -> 420 | K5: =H5*$F5 -> 0.0525 | L5: =I5*$F5 -> 0.03562461 | M5: =J5*$F5 -> 176.4 | N5: 1.107792e-06 | O5: ='Cable properties-reference'!$E$2 -> 0.34 | R5: FALSE | V5: =1/L5 -> 28.070483 | W5: =O5*1000*10.5*0.95*SQRT(3) -> 5874.2503 | AB5: 25 | AC5: 07:3/4-07:1 | AD5: Al 150 | AE5: 250 | AF5: =AG5/(AE5/1000) -> 57.6 | AG5: 14.4 | AH5: =AI5/(AE5/1000) -> 25.6 | AI5: 6.4 | AJ5: =AK5/(AE5/1000) -> 0.098 | AK5: 0.0245 | AL5: 385 | AM5: 12 kV | AN5: 10.5/0.4 | AO5: 10.5/0.4
A6: 07:8.1-07:8.1.1 | B6: =Buses!$A$3 -> 07:8.1 | C6: =Buses!$A$4 -> 07:8.1.1 | D6: =Buses!$C$3 -> 1 | E6: =Buses!$C$4 -> 2 | F6: 0.015 | G6: Al 240 | H6: ='Cable properties-reference'!$B$2 -> 0.125 | I6: =2*3.1415*0.001*50*'Cable properties-reference'!$C$2 -> 0.0848205 | J6: ='Cable properties-reference'!$D$2 -> 420 | K6: =H6*$F6 -> 0.001875 | L6: =I6*$F6 -> 0.0012723075 | M6: =J6*$F6 -> 6.3 | N6: 3.9564e-08 | O6: ='Cable properties-reference'!$E$2 -> 0.34 | R6: TRUE | V6: =1/L6 -> 785.97352 | W6: =O6*1000*10.5*0.95*SQRT(3) -> 5874.2503 | AB6: 13 | AC6: 07:6-07:8.1.2 | AD6: Al 240 | AE6: 110 | AF6: =AG6/(AE6/1000) -> 125.45455 | AG6: 13.8 | AH6: =AI6/(AE6/1000) -> 84.545455 | AI6: 9.3 | AJ6: =AK6/(AE6/1000) -> 0.4 | AK6: 0.044 | AL6: 385 | AM6: 12 kV | AN6: 10.5/0.4 | AO6: 10.5/0.4
A7: 07:8.1-07:8.1.2 | B7: =Buses!$A$3 -> 07:8.1 | C7: =Buses!$A$5 -> 07:8.1.2 | D7: =Buses!$C$3 -> 1 | E7: =Buses!$C$5 -> 3 | F7: 0.02 | G7: Al 240 | H7: ='Cable properties-reference'!$B$2 -> 0.125 | I7: =2*3.1415*0.001*50*'Cable properties-reference'!$C$2 -> 0.0848205 | J7: ='Cable properties-reference'!$D$2 -> 420 | K7: =H7*$F7 -> 0.0025 | L7: =I7*$F7 -> 0.00169641 | M7: =J7*$F7 -> 8.4 | N7: 5.2752e-08 | O7: ='Cable properties-reference'!$E$2 -> 0.34 | R7: TRUE | V7: =1/L7 -> 589.48014 | W7: =O7*1000*10.5*0.95*SQRT(3) -> 5874.2503 | AB7: 26 | AC7: 013-07:1 | AD7: Al 95 | AE7: 100 | AF7: =AG7/(AE7/1000) -> 206 | AG7: 20.6 | AH7: =AI7/(AE7/1000) -> 93 | AI7: 9.3 | AJ7: =AK7/(AE7/1000) -> 0.35 | AK7: 0.035 | AL7: 300 | AM7: 12 kV | AN7: 10.5/0.4 | AO7: 10.5/0.4
A8: 07:8.1-07:8.1.3 | B8: =Buses!$A$3 -> 07:8.1 | C8: =Buses!$A$6 -> 07:8.1.3 | D8: =Buses!$C$3 -> 1 | E8: =Buses!$C$6 -> 4 | F8: 0.025 | G8: Al 240 | H8: ='Cable properties-reference'!$B$2 -> 0.125 | I8: =2*3.1415*0.001*50*'Cable properties-reference'!$C$2 -> 0.0848205 | J8: ='Cable properties-reference'!$D$2 -> 420 | K8: =H8*$F8 -> 0.003125 | L8: =I8*$F8 -> 0.0021205125 | M8: =J8*$F8 -> 10.5 | N8: 6.594e-08 | O8: ='Cable properties-reference'!$E$2 -> 0.34 | R8: TRUE | V8: =1/L8 -> 471.58411 | W8: =O8*1000*10.5*0.95*SQRT(3) -> 5874.2503 | AB8: 2&3 | AC8: 07:8.1-07:8 | AD8: Al 240 | AE8: 25 | AF8: =AG8/(AE8/1000) -> 64 | AG8: 1.6 | AH8: =AI8/(AE8/1000) -> 44 | AI8: 1.1 | AJ8: =AK8/(AE8/1000) -> 0.2 | AK8: 0.005 | AL8: 770 | AM8: 12 kV | AN8: 10.5/0.4 | AO8: 10.5/0.4
A9: 07:8.1-07:3/4 | B9: =Buses!$A$3 -> 07:8.1 | C9: =Buses!$A$21 -> 07:3/4 | D9: =Buses!$C$3 -> 1 | E9: =Buses!$C$21 -> 19 | F9: 0.275 | G9: Al 240 | H9: ='Cable properties-reference'!$B$2 -> 0.125 | I9: =2*3.1415*0.001*50*'Cable properties-reference'!$C$2 -> 0.0848205 | J9: ='Cable properties-reference'!$D$2 -> 420 | K9: =H9*$F9 -> 0.034375 | L9: =I9*$F9 -> 0.023325638 | M9: =J9*$F9 -> 115.5 | N9: 7.2534e-07 | O9: ='Cable properties-reference'!$E$2 -> 0.34 | R9: TRUE | V9: =1/L9 -> 42.871283 | W9: =O9*1000*10.5*0.95*SQRT(3) -> 5874.2503 | AB9: 6 | AC9: 07:8.1-07:8.1.1 | AD9: Al 240 | AE9: 15 | AF9: =AG9/(AE9/1000) -> 126.66667 | AG9: 1.9 | AH9: =AI9/(AE9/1000) -> 86.666667 | AI9: 1.3 | AJ9: =AK9/(AE9/1000) -> 0.4 | AK9: 0.006 | AL9: 385 | AM9: 12 kV | AN9: 10.5/0.4 | AO9: 10.5/0.4
A10: 07:8.1.1-07:8.1.1.1 | B10: =Buses!$A$4 -> 07:8.1.1 | C10: =Buses!$A$7 -> 07:8.1.1.1 | D10: =Buses!$C$4 -> 2 | E10: =Buses!$C$7 -> 5 | F10: 0.025 | G10: Al 240 | H10: ='Cable properties-reference'!$B$2 -> 0.125 | I10: =2*3.1415*0.001*50*'Cable properties-reference'!$C$2 -> 0.0848205 | J10: ='Cable properties-reference'!$D$2 -> 420 | K10: =H10*$F10 -> 0.003125 | L10: =I10*$F10 -> 0.0021205125 | M10: =J10*$F10 -> 10.5 | N10: 6.594e-08 | O10: ='Cable properties-reference'!$E$2 -> 0.34 | R10: TRUE | V10: =1/L10 -> 471.58411 | W10: =O10*1000*10.5*0.95*SQRT(3) -> 5874.2503 | AB10: 7 | AC10: 07:8.1-07:8.1.2 | AD10: Al 240 | AE10: 20 | AF10: =AG10/(AE10/1000) -> 125 | AG10: 2.5 | AH10: =AI10/(AE10/1000) -> 85 | AI10: 1.7 | AJ10: =AK10/(AE10/1000) -> 0.4 | AK10: 0.008 | AL10: 385 | AM10: 12 kV | AN10: 10.5/0.4 | AO10: 10.5/0.4
A11: 07:8.1.2-07:28 | B11: =Buses!$A$5 -> 07:8.1.2 | C11: =Buses!$A$10 -> 07:28 | D11: =Buses!$C$5 -> 3 | E11: =Buses!$C$10 -> 8 | F11: 0.08 | G11: Al 240 | H11: ='Cable properties-reference'!$B$2 -> 0.125 | I11: =2*3.1415*0.001*50*'Cable properties-reference'!$C$2 -> 0.0848205 | J11: ='Cable properties-reference'!$D$2 -> 420 | K11: =H11*$F11 -> 0.01 | L11: =I11*$F11 -> 0.00678564 | M11: =J11*$F11 -> 33.6 | N11: 2.11008e-07 | O11: ='Cable properties-reference'!$E$2 -> 0.34 | R11: TRUE | V11: =1/L11 -> 147.37003 | W11: =O11*1000*10.5*0.95*SQRT(3) -> 5874.2503 | AB11: 8 | AC11: 07:8.1-07:8.1.3 | AD11: Al 240 | AE11: 25 | AF11: =AG11/(AE11/1000) -> 124 | AG11: 3.1 | AH11: =AI11/(AE11/1000) -> 84 | AI11: 2.1 | AJ11: =AK11/(AE11/1000) -> 0.4 | AK11: 0.01 | AL11: 385 | AM11: 12 kV | AN11: 10.5/0.4 | AO11: 10.5/0.4
A12: 07:8.1.2-07:11B | B12: =Buses!$A$5 -> 07:8.1.2 | C12: =Buses!$A$14 -> 07:11B | D12: =Buses!$C$5 -> 3 | E12: =Buses!$C$14 -> 12 | F12: 0.33 | G12: Al 240 | H12: ='Cable properties-reference'!$B$2 -> 0.125 | I12: =2*3.1415*0.001*50*'Cable properties-reference'!$C$2 -> 0.0848205 | J12: ='Cable properties-reference'!$D$2 -> 420 | K12: =H12*$F12 -> 0.04125 | L12: =I12*$F12 -> 0.027990765 | M12: =J12*$F12 -> 138.6 | N12: 8.70408e-07 | O12: ='Cable properties-reference'!$E$2 -> 0.34 | R12: TRUE | V12: =1/L12 -> 35.726069 | W12: =O12*1000*10.5*0.95*SQRT(3) -> 5874.2503 | AB12: 4&5 | AC12: 07:8-07:29E | AD12: Al 240 | AE12: 420 | AF12: =AG12/(AE12/1000) -> 125 | AG12: 52.5 | AH12: =AI12/(AE12/1000) -> 84.761905 | AI12: 35.6 | AJ12: =AK12/(AE12/1000) -> 0.4 | AK12: 0.168 | AL12: 385 | AM12: 12 kV | AN12: 10.5/0.4 | AO12: 10.5/0.4
A13: 07:8.1.2-07:6 | B13: =Buses!$A$5 -> 07:8.1.2 | C13: =Buses!$A$20 -> 07:6 | D13: =Buses!$C$5 -> 3 | E13: =Buses!$C$20 -> 18 | F13: 0.11 | G13: Al 240 | H13: ='Cable properties-reference'!$B$2 -> 0.125 | I13: =2*3.1415*0.001*50*'Cable properties-reference'!$C$2 -> 0.0848205 | J13: ='Cable properties-reference'!$D$2 -> 420 | K13: =H13*$F13 -> 0.01375 | L13: =I13*$F13 -> 0.009330255 | M13: =J13*$F13 -> 46.2 | N13: 2.90136e-07 | O13: ='Cable properties-reference'!$E$2 -> 0.34 | R13: TRUE | V13: =1/L13 -> 107.17821 | W13: =O13*1000*10.5*0.95*SQRT(3) -> 5874.2503 | AB13: 10 | AC13: 07:8.1.1-07:8.1.1.1 | AD13: Al 240 | AE13: 25 | AF13: =AG13/(AE13/1000) -> 124 | AG13: 3.1 | AH13: =AI13/(AE13/1000) -> 84 | AI13: 2.1 | AJ13: =AK13/(AE13/1000) -> 0.4 | AK13: 0.01 | AL13: 385 | AM13: 12 kV | AN13: 10.5/0.4 | AO13: 10.5/0.4
A14: 07:8.1.3-07:19 | B14: =Buses!$A$6 -> 07:8.1.3 | C14: =Buses!$A$8 -> 07:19 | D14: =Buses!$C$6 -> 4 | E14: =Buses!$C$8 -> 6 | F14: 0.225 | G14: Al 240 | H14: ='Cable properties-reference'!$B$2 -> 0.125 | I14: =2*3.1415*0.001*50*'Cable properties-reference'!$C$2 -> 0.0848205 | J14: ='Cable properties-reference'!$D$2 -> 420 | K14: =H14*$F14 -> 0.028125 | L14: =I14*$F14 -> 0.019084613 | M14: =J14*$F14 -> 94.5 | N14: 5.9346e-07 | O14: ='Cable properties-reference'!$E$2 -> 0.34 | R14: TRUE | V14: =1/L14 -> 52.398234 | W14: =O14*1000*10.5*0.95*SQRT(3) -> 5874.2503 | AB14: 12 | AC14: 07:8.1.2-07:11B | AD14: Al 240 | AE14: 330 | AF14: =AG14/(AE14/1000) -> 125.15152 | AG14: 41.3 | AH14: =AI14/(AE14/1000) -> 84.848485 | AI14: 28 | AJ14: =AK14/(AE14/1000) -> 0.4 | AK14: 0.132 | AL14: 385 | AM14: 12 kV | AN14: 10.5/0.4 | AO14: 10.5/0.4
A15: 07:8.1.3-07:35 | B15: =Buses!$A$6 -> 07:8.1.3 | C15: =Buses!$A$15 -> 07:35 | D15: =Buses!$C$6 -> 4 | E15: =Buses!$C$15 -> 13 | F15: 0.4 | G15: Al 240 | H15: ='Cable properties-reference'!$B$2 -> 0.125 | I15: =2*3.1415*0.001*50*'Cable properties-reference'!$C$2 -> 0.0848205 | J15: ='Cable properties-reference'!$D$2 -> 420 | K15: =H15*$F15 -> 0.05 | L15: =I15*$F15 -> 0.0339282 | M15: =J15*$F15 -> 168 | N15: 1.05504e-06 | O15: ='Cable properties-reference'!$E$2 -> 0.34 | R15: TRUE | V15: =1/L15 -> 29.474007 | W15: =O15*1000*10.5*0.95*SQRT(3) -> 5874.2503 | AB15: 11 | AC15: 07:8.1.2-07:28 | AD15: Al 240 | AE15: 80 | AF15: =AG15/(AE15/1000) -> 125 | AG15: 10 | AH15: =AI15/(AE15/1000) -> 85 | AI15: 6.8 | AJ15: =AK15/(AE15/1000) -> 0.4 | AK15: 0.032 | AL15: 385 | AM15: 12 kV | AN15: 10.5/0.4 | AO15: 10.5/0.4
A16: 07:19-07:23 | B16: =Buses!$A$8 -> 07:19 | C16: =Buses!$A$9 -> 07:23 | D16: =Buses!$C$8 -> 6 | E16: =Buses!$C$9 -> 7 | F16: 0.3 | G16: Al 240 | H16: ='Cable properties-reference'!$B$2 -> 0.125 | I16: =2*3.1415*0.001*50*'Cable properties-reference'!$C$2 -> 0.0848205 | J16: ='Cable properties-reference'!$D$2 -> 420 | K16: =H16*$F16 -> 0.0375 | L16: =I16*$F16 -> 0.02544615 | M16: =J16*$F16 -> 126 | N16: 7.9128e-07 | O16: ='Cable properties-reference'!$E$2 -> 0.34 | R16: TRUE | V16: =1/L16 -> 39.298676 | W16: =O16*1000*10.5*0.95*SQRT(3) -> 5874.2503 | AB16: 14 | AC16: 07:8.1.3-07:19 | AD16: Al 240 | AE16: 225 | AF16: =AG16/(AE16/1000) -> 124.88889 | AG16: 28.1 | AH16: =AI16/(AE16/1000) -> 84.888889 | AI16: 19.1 | AJ16: =AK16/(AE16/1000) -> 0.4 | AK16: 0.09 | AL16: 385 | AM16: 12 kV | AN16: 10.5/0.4 | AO16: 10.5/0.4
A17: 07:23-07:27 | B17: =Buses!$A$9 -> 07:23 | C17: =Buses!$A$12 -> 07:27 | D17: =Buses!$C$9 -> 7 | E17: =Buses!$C$12 -> 10 | F17: 0.165 | G17: Al 240 | H17: ='Cable properties-reference'!$B$2 -> 0.125 | I17: =2*3.1415*0.001*50*'Cable properties-reference'!$C$2 -> 0.0848205 | J17: ='Cable properties-reference'!$D$2 -> 420 | K17: =H17*$F17 -> 0.020625 | L17: =I17*$F17 -> 0.013995383 | M17: =J17*$F17 -> 69.3 | N17: 4.35204e-07 | O17: ='Cable properties-reference'!$E$2 -> 0.34 | R17: TRUE | V17: =1/L17 -> 71.452138 | W17: =O17*1000*10.5*0.95*SQRT(3) -> 5874.2503 | AB17: 15 | AC17: 07:8.1.3-07:35 | AD17: Al 240 | AE17: 400 | AF17: =AG17/(AE17/1000) -> 125 | AG17: 50 | AH17: =AI17/(AE17/1000) -> 84.75 | AI17: 33.9 | AJ17: =AK17/(AE17/1000) -> 0.4 | AK17: 0.16 | AL17: 385 | AM17: 12 kV | AN17: 10.5/0.4 | AO17: 10.5/0.4
A18: 07:27-07:41 | B18: =Buses!$A$12 -> 07:27 | C18: =Buses!$A$13 -> 07:41 | D18: =Buses!$C$12 -> 10 | E18: =Buses!$C$13 -> 11 | F18: 0.29 | G18: Al 240 | H18: ='Cable properties-reference'!$B$2 -> 0.125 | I18: =2*3.1415*0.001*50*'Cable properties-reference'!$C$2 -> 0.0848205 | J18: ='Cable properties-reference'!$D$2 -> 420 | K18: =H18*$F18 -> 0.03625 | L18: =I18*$F18 -> 0.024597945 | M18: =J18*$F18 -> 121.8 | N18: 7.64904e-07 | O18: ='Cable properties-reference'!$E$2 -> 0.34 | R18: FALSE | V18: =1/L18 -> 40.653803 | W18: =O18*1000*10.5*0.95*SQRT(3) -> 5874.2503 | AB18: 16 | AC18: 07:19-07:23 | AD18: Al 240 | AE18: 300 | AF18: =AG18/(AE18/1000) -> 125 | AG18: 37.5 | AH18: =AI18/(AE18/1000) -> 84.666667 | AI18: 25.4 | AJ18: =AK18/(AE18/1000) -> 0.4 | AK18: 0.12 | AL18: 385 | AM18: 12 kV | AN18: 10.5/0.4 | AO18: 10.5/0.4
A19: 07:41-07:35 | B19: =Buses!$A$13 -> 07:41 | C19: =Buses!$A$15 -> 07:35 | D19: =Buses!$C$13 -> 11 | E19: =Buses!$C$15 -> 13 | F19: 0.35 | G19: Al 240 | H19: ='Cable properties-reference'!$B$2 -> 0.125 | I19: =2*3.1415*0.001*50*'Cable properties-reference'!$C$2 -> 0.0848205 | J19: ='Cable properties-reference'!$D$2 -> 420 | K19: =H19*$F19 -> 0.04375 | L19: =I19*$F19 -> 0.029687175 | M19: =J19*$F19 -> 147 | N19: 9.2316e-07 | O19: ='Cable properties-reference'!$E$2 -> 0.34 | R19: TRUE | V19: =1/L19 -> 33.684579 | W19: =O19*1000*10.5*0.95*SQRT(3) -> 5874.2503 | AB19: 17 | AC19: 07:23-07:27 | AD19: Al 240 | AE19: 165 | AF19: =AG19/(AE19/1000) -> 124.84848 | AG19: 20.6 | AH19: =AI19/(AE19/1000) -> 84.848485 | AI19: 14 | AJ19: =AK19/(AE19/1000) -> 0.4 | AK19: 0.066 | AL19: 385 | AM19: 12 kV | AN19: 10.5/0.4 | AO19: 10.5/0.4
A20: 07:4.1-07:3/4 | B20: =Buses!$A$22 -> 07:4.1 | C20: =Buses!$A$21 -> 07:3/4 | D20: =Buses!$C$22 -> 20 | E20: =Buses!$C$21 -> 19 | F20: 0.07 | G20: Al 240 | H20: ='Cable properties-reference'!$B$2 -> 0.125 | I20: =2*3.1415*0.001*50*'Cable properties-reference'!$C$2 -> 0.0848205 | J20: ='Cable properties-reference'!$D$2 -> 420 | K20: =H20*$F20 -> 0.00875 | L20: =I20*$F20 -> 0.005937435 | M20: =J20*$F20 -> 29.4 | N20: 1.84632e-07 | O20: ='Cable properties-reference'!$E$2 -> 0.34 | R20: TRUE | V20: =1/L20 -> 168.4229 | W20: =O20*1000*10.5*0.95*SQRT(3) -> 5874.2503 | AB20: 19 | AC20: 07:41-07:35(SF) | AE20: 400 | AF20: =AG20/(AE20/1000) -> 128.25 | AG20: 51.3 | AH20: =AI20/(AE20/1000) -> 87 | AI20: 34.8 | AJ20: =AK20/(AE20/1000) -> 0.41 | AK20: 0.164 | AL20: 385 | AM20: 12 kV | AN20: 10.5/0.4 | AO20: 10.5/0.4
A21: 07:4.1-07:4.2 | B21: =Buses!$A$22 -> 07:4.1 | C21: =Buses!$A$23 -> 07:4.2 | D21: =Buses!$C$22 -> 20 | E21: =Buses!$C$23 -> 21 | F21: 0.075 | G21: Al 240 | H21: ='Cable properties-reference'!$B$2 -> 0.125 | I21: =2*3.1415*0.001*50*'Cable properties-reference'!$C$2 -> 0.0848205 | J21: ='Cable properties-reference'!$D$2 -> 420 | K21: =H21*$F21 -> 0.009375 | L21: =I21*$F21 -> 0.0063615375 | M21: =J21*$F21 -> 31.5 | N21: 1.9782e-07 | O21: ='Cable properties-reference'!$E$2 -> 0.34 | R21: TRUE | V21: =1/L21 -> 157.1947 | W21: =O21*1000*10.5*0.95*SQRT(3) -> 5874.2503 | AC21: 07:35(HS)-07:12 | AE21: 25 | AF21: =AG21/(AE21/1000) -> 160 | AG21: 4 | AH21: =AI21/(AE21/1000) -> 48 | AI21: 1.2 | AJ21: =AK21/(AE21/1000) -> 0.16 | AK21: 0.004 | AL21: 205 | AM21: 12 kV | AN21: 10.5/0.4 | AO21: 10.5/0.4
A22: 07:4.2-07:3/4 | B22: =Buses!$A$23 -> 07:4.2 | C22: =Buses!$A$21 -> 07:3/4 | D22: =Buses!$C$23 -> 21 | E22: =Buses!$C$21 -> 19 | F22: 0.14 | G22: Al 240 | H22: ='Cable properties-reference'!$B$2 -> 0.125 | I22: =2*3.1415*0.001*50*'Cable properties-reference'!$C$2 -> 0.0848205 | J22: ='Cable properties-reference'!$D$2 -> 420 | K22: =H22*$F22 -> 0.0175 | L22: =I22*$F22 -> 0.01187487 | M22: =J22*$F22 -> 58.8 | N22: 3.69264e-07 | O22: ='Cable properties-reference'!$E$2 -> 0.34 | R22: FALSE | V22: =1/L22 -> 84.211448 | W22: =O22*1000*10.5*0.95*SQRT(3) -> 5874.2503 | AC22: 07:35(HS)-07:35(SF) | AE22: 10 | AF22: =AG22/(AE22/1000) -> 130 | AG22: 1.3 | AH22: =AI22/(AE22/1000) -> 90 | AI22: 0.9 | AJ22: =AK22/(AE22/1000) -> 0.4 | AK22: 0.004 | AL22: 385 | AM22: 12 kV | AN22: 10.5/0.4 | AO22: 10.5/0.4
A23: 07:3/4-07:6 | B23: =Buses!$A$21 -> 07:3/4 | C23: =Buses!$A$20 -> 07:6 | D23: =Buses!$C$21 -> 19 | E23: =Buses!$C$20 -> 18 | F23: 0.25 | G23: Al 240 | H23: ='Cable properties-reference'!$B$2 -> 0.125 | I23: =2*3.1415*0.001*50*'Cable properties-reference'!$C$2 -> 0.0848205 | J23: ='Cable properties-reference'!$D$2 -> 420 | K23: =H23*$F23 -> 0.03125 | L23: =I23*$F23 -> 0.021205125 | M23: =J23*$F23 -> 105 | N23: 6.594e-07 | O23: ='Cable properties-reference'!$E$2 -> 0.34 | R23: FALSE | V23: =1/L23 -> 47.158411 | W23: =O23*1000*10.5*0.95*SQRT(3) -> 5874.2503
A24: 07:3/4-013 | B24: =Buses!$A$21 -> 07:3/4 | C24: =Buses!$A$18 -> 013 | D24: =Buses!$C$21 -> 19 | E24: =Buses!$C$18 -> 16 | F24: 0.13 | G24: Al 240 | H24: ='Cable properties-reference'!$B$2 -> 0.125 | I24: =2*3.1415*0.001*50*'Cable properties-reference'!$C$2 -> 0.0848205 | J24: ='Cable properties-reference'!$D$2 -> 420 | K24: =H24*$F24 -> 0.01625 | L24: =I24*$F24 -> 0.011026665 | M24: =J24*$F24 -> 54.6 | N24: 3.42888e-07 | O24: ='Cable properties-reference'!$E$2 -> 0.34 | R24: FALSE | V24: =1/L24 -> 90.689252 | W24: =O24*1000*10.5*0.95*SQRT(3) -> 5874.2503 | X24: To do:
A25: 07:3/4-07:1 | B25: =Buses!$A$21 -> 07:3/4 | C25: =Buses!$A$19 -> 07:1 | D25: =Buses!$C$21 -> 19 | E25: =Buses!$C$19 -> 17 | F25: 0.07 | G25: Al 150 | H25: ='Cable properties-reference'!$B$3 -> 0.206 | I25: =2*3.1415*50*0.01*'Cable properties-reference'!$C$3 -> 0.911035 | J25: ='Cable properties-reference'!$D$3 -> 350 | K25: =H25*$F25 -> 0.01442 | L25: =I25*$F25 -> 0.06377245 | M25: =J25*$F25 -> 24.5 | N25: 1.5386e-07 | O25: ='Cable properties-reference'!$E$3 -> 0.26 | R25: TRUE | V25: =1/L25 -> 15.680752 | W25: =O25*1000*10.5*0.95*SQRT(3) -> 4492.0738 | X25: Link the bus names and numbers to the "Buses" sheet (similar to what is implemented in "Transformers" sheet)
A26: 013-07:1 | B26: =Buses!$A$18 -> 013 | C26: =Buses!$A$19 -> 07:1 | D26: =Buses!$C$18 -> 16 | E26: =Buses!$C$19 -> 17 | F26: 0.1 | G26: Al 95 | H26: ='Cable properties-reference'!$B$4 -> 0.32 | I26: =2*3.1415*50*0.001*'Cable properties-reference'!$C$4 -> 0.0973865 | J26: ='Cable properties-reference'!$D$4 -> 300 | K26: =H26*$F26 -> 0.032 | L26: =I26*$F26 -> 0.00973865 | M26: =J26*$F26 -> 30 | N26: 1.884e-07 | O26: ='Cable properties-reference'!$E$4 -> 0.205 | R26: TRUE | V26: =1/L26 -> 102.68364 | W26: =O26*1000*10.5*0.95*SQRT(3) -> 3541.8274 | X26: Find a reference for cable properties
A27: 07:3/4-07:29E | B27: =Buses!$A$21 -> 07:3/4 | C27: =Buses!$A$17 -> 07:29E | D27: =Buses!$C$21 -> 19 | E27: =Buses!$C$17 -> 15 | F27: 0.2 | G27: Al 240 | H27: ='Cable properties-reference'!$B$2 -> 0.125 | I27: =2*3.1415*50*0.001*'Cable properties-reference'!$C$2 -> 0.0848205 | J27: ='Cable properties-reference'!$D$2 -> 420 | K27: =H27*$F27 -> 0.025 | L27: =I27*$F27 -> 0.0169641 | M27: =J27*$F27 -> 84 | N27: 5.2752e-07 | O27: ='Cable properties-reference'!$E$2 -> 0.34 | R27: FALSE | V27: =1/L27 -> 58.948014 | W27: =O27*1000*10.5*0.95*SQRT(3) -> 5874.2503
A28: 07:28-07:35 | B28: =Buses!$A$10 -> 07:28 | C28: =Buses!$A$15 -> 07:35 | D28: =Buses!$C$10 -> 8 | E28: =Buses!$C$15 -> 13 | F28: 0.35 | G28: Al 240 | H28: ='Cable properties-reference'!$B$2 -> 0.125 | I28: =2*3.1415*50*0.001*'Cable properties-reference'!$C$2 -> 0.0848205 | J28: ='Cable properties-reference'!$D$2 -> 420 | K28: =H28*$F28 -> 0.04375 | L28: =I28*$F28 -> 0.029687175 | M28: =J28*$F28 -> 147 | N28: 9.2316e-07 | O28: ='Cable properties-reference'!$E$2 -> 0.34 | R28: FALSE | V28: =1/L28 -> 33.684579 | W28: =O28*1000*10.5*0.95*SQRT(3) -> 5874.2503
A29: 07:8.1.3-07:28D5 | B29: =Buses!$A$6 -> 07:8.1.3 | C29: =Buses!$A$11 -> 07:28D5 | D29: =Buses!$C$6 -> 4 | E29: =Buses!$C$11 -> 9 | F29: 0.23 | G29: Al 95 | H29: ='Cable properties-reference'!$B$4 -> 0.32 | I29: 0.0973865 | J29: ='Cable properties-reference'!$D$4 -> 300 | K29: =H29*$F29 -> 0.0736 | L29: =I29*$F29 -> 0.022398895 | M29: =J29*$F29 -> 69 | N29: 4.3332e-07 | O29: ='Cable properties-reference'!$E$4 -> 0.205 | R29: TRUE | V29: =1/L29 -> 44.645059 | W29: =O29*1000*10.5*0.95*SQRT(3) -> 3541.8274
A30: 07:35-07:11B | B30: =Buses!$A$15 -> 07:35 | C30: =Buses!$A$14 -> 07:11B | D30: =Buses!$C$15 -> 13 | E30: =Buses!$C$14 -> 12 | F30: 0.1 | G30: Al 240 | H30: ='Cable properties-reference'!$B$2 -> 0.125 | I30: 0.0848205 | J30: ='Cable properties-reference'!$D$2 -> 420 | K30: =H30*$F30 -> 0.0125 | L30: =I30*$F30 -> 0.00848205 | M30: =J30*$F30 -> 42 | N30: 2.6376e-07 | O30: ='Cable properties-reference'!$E$2 -> 0.34 | R30: FALSE | V30: =1/L30 -> 117.89603 | W30: =O30*1000*10.5*0.95*SQRT(3) -> 5874.2503
A31: 07:35-07:12 | B31: =Buses!$A$15 -> 07:35 | C31: =Buses!$A$16 -> 07:12 | D31: =Buses!$C$15 -> 13 | E31: =Buses!$C$16 -> 14 | F31: 0.01 | G31: Al 150 | H31: ='Cable properties-reference'!$B$3 -> 0.206 | I31: =2*3.1415*50*0.01*'Cable properties-reference'!$C$3 -> 0.911035 | J31: ='Cable properties-reference'!$D$3 -> 350 | K31: =H31*$F31 -> 0.00206 | L31: =I31*$F31 -> 0.00911035 | M31: =J31*$F31 -> 3.5 | N31: 1.5386e-07 | O31: ='Cable properties-reference'!$E$3 -> 0.26 | R31: TRUE | V31: =1/L31 -> 109.76527 | W31: =O31*1000*10.5*0.95*SQRT(3) -> 4492.0738
A32: 07:8-ExtGrid | B32: ExtGrid | C32: =Buses!$A$2 -> 07:8 | D32: 63 | E32: =Buses!$C$2 -> 0 | F32: 0.05 | G32: Al 240 | H32: ='Cable properties-reference'!$B$2 -> 0.125 | I32: =2*3.1415*0.001*50*'Cable properties-reference'!$C$2 -> 0.0848205 | J32: ='Cable properties-reference'!$D$2 -> 420 | K32: 0.00375 | L32: =I32*$F32 -> 0.004241025 | M32: =J32*$F32 -> 21 | N32: 6.594e-08 | O32: ='Cable properties-reference'!$E$2 -> 0.34 | R32: TRUE | V32: =1/L32 -> 235.79205 | W32: =O32*1000*10.5*0.95*SQRT(3) -> 5874.2503

Sheet Transformers
A1: name | B1: from_busname | C1: to_busname | D1: from_busnumber | E1: to_busnumber | F1: stat | G1: type | H1: r | I1: x | J1: b | K1: ShortTermRating_kVA | L1: ContinousRating_kVA | M1: angLB | N1: angUB | O1: PhaseShift | P1: TapRatio | Q1: TapLB | R1: TapUB | S1: contingency | T1: probability | U1: in_service | V1: Meter ID, etc
A2: T04.1 | B2: =Buses!$A$22 -> 07:4.1 | C2: =Buses!A60 -> 07:4.1_T04.1_LV | D2: =Buses!C22 -> 20 | E2: =Buses!C60 -> 58 | I2: 4 | L2: 800 | U2: TRUE
A3: T04.2 | B3: =Buses!$A$22 -> 07:4.1 | C3: =Buses!A61 -> 07:4.1_T04.2_LV | D3: =Buses!C22 -> 20 | E3: =Buses!C61 -> 59 | I3: 4 | L3: 800 | U3: TRUE | Z3: The "old" list of trafos (from sheet "Lines and Transformers")
A4: T04.3 | B4: =Buses!$A$22 -> 07:4.1 | C4: =Buses!A62 -> 07:4.1_T04.3_LV | D4: =Buses!C22 -> 20 | E4: =Buses!C62 -> 60 | I4: 4 | L4: 800 | U4: TRUE | Z4: corresponding row in the new table (excel's row) | AA4: Connected to Bus | AB4: Transfor-mer Id | AC4: X(%) | AD4: Rating(kVA)
A5: T04.4 | B5: =Buses!$A$23 -> 07:4.2 | C5: =Buses!A63 -> 07:4.2_T04.4_LV | D5: =Buses!C23 -> 21 | E5: =Buses!C63 -> 61 | I5: 4 | L5: 800 | U5: FALSE | Z5: 7 | AA5: 07:3/4 | AB5: T04.6 | AC5: 5.8 | AD5: 1000
A6: T04.5 | B6: =Buses!$A$23 -> 07:4.2 | C6: =Buses!A64 -> 07:4.2_T04.5_LV | D6: =Buses!C23 -> 21 | E6: =Buses!C64 -> 62 | I6: 4 | L6: 800 | U6: TRUE | Z6: 8 | AA6: 0.29583333 | AB6: T06.1 | AC6: 5.8 | AD6: 800
A7: T04.6 | B7: =Buses!$A$21 -> 07:3/4 | C7: =Buses!$A$59 -> 07:3/4_T04.6_LV | D7: =Buses!C21 -> 19 | E7: =Buses!C59 -> 57 | I7: 5.8 | L7: 1000 | U7: TRUE | Z7: 13 | AA7: O13 | AB7: T13.1 | AC7: 4.82 | AD7: 800
A8: T06.1 | B8: =Buses!$A$20 -> 07:6 | C8: =Buses!A57 -> 07:6_T06.1_LV | D8: =Buses!C20 -> 18 | E8: =Buses!C57 -> 55 | I8: 5.8 | L8: 800 | U8: TRUE | Z8: 18 | AA8: 07:29E | AB8: T5 | AC8: 5 | AD8: 1250
A9: T06.2 | B9: =Buses!$A$20 -> 07:6 | C9: =Buses!A58 -> 07:6_T06.2_LV | D9: =Buses!C20 -> 18 | E9: =Buses!C58 -> 56 | I9: 4 | L9: 800 | U9: FALSE | Z9: 16 | AA9: 07:29E | AB9: T3 | AC9: 5 | AD9: 1250
A10: T01.1 | B10: =Buses!$A$19 -> 07:1 | C10: =Buses!A54 -> 07:1_T01.1_LV | D10: =Buses!$C$19 -> 17 | E10: =Buses!C54 -> 52 | I10: 5.7 | L10: 800 | U10: TRUE | Z10: 14 | AA10: 07:29E | AB10: T1 | AC10: 4.9 | AD10: 1250
A11: T01.2 | B11: =Buses!$A$19 -> 07:1 | C11: =Buses!A55 -> 07:1_T01.2_LV | D11: =Buses!$C$19 -> 17 | E11: =Buses!C55 -> 53 | I11: 6.3 | L11: 1000 | U11: TRUE | Z11: 21 | AA11: 07:8.1.1.1 | AB11: T08.1 | AC11: 6.31 | AD11: 800
A12: T01.3 | B12: =Buses!$A$19 -> 07:1 | C12: =Buses!A56 -> 07:1_T01.3_LV | D12: =Buses!$C$19 -> 17 | E12: =Buses!C56 -> 54 | I12: 4 | L12: 80 | U12: TRUE | Z12: 22 | AA12: 07:8.1.1.1 | AB12: T08.3 | AC12: 5 | AD12: 800
A13: T13.1 | B13: =Buses!$A$18 -> 013 | C13: =Buses!$A$53 -> 013_T13.1_LV | D13: =Buses!$C$18 -> 16 | E13: =Buses!$C$53 -> 51 | I13: 4.82 | L13: 800 | U13: TRUE | Z13: 10 | AA13: 0.29236111 | AB13: T01.1 | AC13: 5.7 | AD13: 800
A14: T1 | B14: =Buses!$A$17 -> 07:29E | C14: =Buses!A46 -> 07:29E_T1_LV | D14: =Buses!$C$17 -> 15 | E14: =Buses!C46 -> 44 | I14: 4.9 | L14: 1250 | U14: TRUE | Z14: 11 | AA14: 0.29236111 | AB14: T01.2 | AC14: 6.3 | AD14: 1000
A15: T2 | B15: =Buses!$A$17 -> 07:29E | C15: =Buses!A47 -> 07:29E_T2_LV | D15: =Buses!$C$17 -> 15 | E15: =Buses!C47 -> 45 | I15: 4 | L15: 1250 | U15: FALSE | Z15: 25 | AA15: 0.30486111 | AB15: T19.1 | AC15: 4.27 | AD15: 400
A16: T3 | B16: =Buses!$A$17 -> 07:29E | C16: =Buses!A48 -> 07:29E_T3_LV | D16: =Buses!$C$17 -> 15 | E16: =Buses!C48 -> 46 | I16: 5 | L16: 1250 | U16: TRUE | Z16: 37 | AA16: 0.30763889 | AB16: T23.1 | AC16: 4.8 | AD16: 800
A17: T4 | B17: =Buses!$A$17 -> 07:29E | C17: =Buses!A49 -> 07:29E_T4_LV | D17: =Buses!$C$17 -> 15 | E17: =Buses!C49 -> 47 | I17: 4 | L17: 1250 | U17: FALSE | Z17: 40 | AA17: 0.31041667 | AB17: T27.2 | AC17: 4.9 | AD17: 800
A18: T5 | B18: =Buses!$A$17 -> 07:29E | C18: =Buses!A50 -> 07:29E_T5_LV | D18: =Buses!$C$17 -> 15 | E18: =Buses!C50 -> 48 | I18: 5 | L18: 1250 | U18: TRUE | Z18: 41 | AA18: 0.32013889 | AB18: T40.1 | AC18: 5.8 | AD18: 800
A19: T6 | B19: =Buses!$A$17 -> 07:29E | C19: =Buses!A51 -> 07:29E_T6_LV | D19: =Buses!$C$17 -> 15 | E19: =Buses!C51 -> 49 | I19: 4 | L19: 1250 | U19: FALSE | Z19: 36 | AA19: 07:11B | AB19: T11.2 | AC19: 4.5 | AD19: 1250
A20: T7 | B20: =Buses!$A$17 -> 07:29E | C20: =Buses!A52 -> 07:29E_T7_LV | D20: =Buses!$C$17 -> 15 | E20: =Buses!C52 -> 50 | I20: 4 | L20: 1250 | U20: FALSE | Z20: 28 | AA20: 0.31111111 | AB20: T28.1 | AC20: 6.3 | AD20: 800
A21: T08.1 | B21: =Buses!$A$7 -> 07:8.1.1.1 | C21: =Buses!A27 -> 07:8.1.1.1_T08.1_LV | D21: =Buses!$C$7 -> 5 | E21: =Buses!C27 -> 25 | I21: 6.31 | L21: 800 | U21: TRUE | Z21: 30 | AA21: 0.31111111 | AB21: T28.3 | AC21: 6.3 | AD21: 800
A22: T08.3 | B22: =Buses!$A$7 -> 07:8.1.1.1 | C22: =Buses!A26 -> 07:8.1.1.1_T08.3_LV | D22: =Buses!$C$7 -> 5 | E22: =Buses!C26 -> 24 | I22: 5 | L22: 800 | U22: TRUE | Z22: 33 | AA22: 07:35(SF) | AB22: T35.1 | AC22: 5.2 | AD22: 800
A23: T08.4 | B23: =Buses!$A$2 -> 07:8 | C23: =Buses!$A$24 -> 07:8_T08.4_LV | D23: =Buses!$C$2 -> 0 | E23: =Buses!$C$24 -> 22 | I23: 4 | L23: 800 | U23: TRUE | Z23: 34 | AA23: 07:35(SF) | AB23: T35.2 | AC23: 4.9 | AD23: 600
A24: T08.5 | B24: =Buses!$A$6 -> 07:8.1.3 | C24: =Buses!A28 -> 07:8.1.3_T08.5_LV | D24: =Buses!$C$6 -> 4 | E24: =Buses!C28 -> 26 | I24: 4 | L24: 1250 | U24: TRUE | Z24: 31 | AA24: 0.3 | AB24: T12.1 | AC24: 5.2 | AD24: 1250
A25: T19.1 | B25: =Buses!$A$8 -> 07:19 | C25: =Buses!A29 -> 07:19_T19.1_LV | D25: =Buses!$C$8 -> 6 | E25: =Buses!C29 -> 27 | I25: 4.27 | L25: 400 | U25: TRUE | Z25: 32 | AA25: 0.3 | AB25: T12.2 | AC25: 5.2 | AD25: 1250
A26: T19.2 | B26: =Buses!$A$8 -> 07:19 | C26: =Buses!A30 -> 07:19_T19.2_LV | D26: =Buses!$C$8 -> 6 | E26: =Buses!C30 -> 28 | I26: 4 | L26: 400 | U26: FALSE
A27: T28.5 | B27: =Buses!$A$11 -> 07:28D5 | C27: =Buses!$A$25 -> 07:28D5_T28.5_LV | D27: =Buses!$C$11 -> 9 | E27: =Buses!$C$25 -> 23 | I27: 4 | L27: 1600 | U27: TRUE
A28: T28.1 | B28: =Buses!$A$10 -> 07:28 | C28: =Buses!A39 -> 07:28_T28.1_LV | D28: =Buses!$C$10 -> 8 | E28: =Buses!C39 -> 37 | I28: 6.3 | L28: 800 | U28: TRUE | AA28: Check which ones were not in the "old" list
A29: T28.2 | B29: =Buses!$A$10 -> 07:28 | C29: =Buses!A40 -> 07:28_T28.2_LV | D29: =Buses!$C$10 -> 8 | E29: =Buses!C40 -> 38 | I29: 4 | L29: 800 | U29: FALSE | AA29: Add the meters' Ids
A30: T28.3 | B30: =Buses!$A$10 -> 07:28 | C30: =Buses!A41 -> 07:28_T28.3_LV | D30: =Buses!$C$10 -> 8 | E30: =Buses!C41 -> 39 | I30: 6.3 | L30: 800 | U30: TRUE | AA30: Add the historical data Ids, etc
A31: T12.1 | B31: =Buses!$A$16 -> 07:12 | C31: =Buses!A44 -> 07:12_T12.1_LV | D31: =Buses!$C$16 -> 14 | E31: =Buses!C44 -> 42 | I31: 5.2 | L31: 1250 | U31: TRUE
A32: T12.2 | B32: =Buses!$A$16 -> 07:12 | C32: =Buses!A45 -> 07:12_T12.2_LV | D32: =Buses!$C$16 -> 14 | E32: =Buses!C45 -> 43 | I32: 5.2 | L32: 1250 | U32: TRUE
A33: T35.1 | B33: =Buses!$A$15 -> 07:35 | C33: =Buses!A42 -> 07:35_T35.1_LV | D33: =Buses!$C$15 -> 13 | E33: =Buses!C42 -> 40 | I33: 5.2 | L33: 800 | U33: TRUE
A34: T35.2 | B34: =Buses!$A$15 -> 07:35 | C34: =Buses!A43 -> 07:35_T35.2_LV | D34: =Buses!$C$15 -> 13 | E34: =Buses!C43 -> 41 | I34: 4.9 | L34: 600 | U34: TRUE
A35: T11.1 | B35: =Buses!$A$14 -> 07:11B | C35: =Buses!A37 -> 07:11B_T11.1_LV | D35: =Buses!$C$14 -> 12 | E35: =Buses!C37 -> 35 | I35: 4 | L35: 1250 | U35: FALSE
A36: T11.2 | B36: =Buses!$A$14 -> 07:11B | C36: =Buses!A38 -> 07:11B_T11.2_LV | D36: =Buses!$C$14 -> 12 | E36: =Buses!C38 -> 36 | I36: 4.5 | L36: 1250 | U36: TRUE
A37: T23.1 | B37: =Buses!$A$9 -> 07:23 | C37: =Buses!A32 -> 07:23_T23.1_LV | D37: =Buses!$C$9 -> 7 | E37: =Buses!C32 -> 30 | I37: 4.8 | L37: 800 | U37: TRUE
A38: T23.2 | B38: =Buses!$A$9 -> 07:23 | C38: =Buses!A31 -> 07:23_T23.2_LV | D38: =Buses!$C$9 -> 7 | E38: =Buses!C31 -> 29 | I38: 4 | L38: 800 | U38: TRUE
A39: T27.1 | B39: =Buses!$A$12 -> 07:27 | C39: =Buses!A33 -> 07:27_T27.1_LV | D39: =Buses!$C$12 -> 10 | E39: =Buses!C33 -> 31 | I39: 4 | L39: 800 | U39: FALSE
A40: T27.2 | B40: =Buses!$A$12 -> 07:27 | C40: =Buses!A34 -> 07:27_T27.2_LV | D40: =Buses!$C$12 -> 10 | E40: =Buses!C34 -> 32 | I40: 4.9 | L40: 800 | U40: TRUE
A41: T40.1 | B41: =Buses!$A$13 -> 07:41 | C41: =Buses!A35 -> 07:41_T40.1_LV | D41: =Buses!$C$13 -> 11 | E41: =Buses!C35 -> 33 | I41: 5.8 | L41: 800 | U41: TRUE
A42: T40.2 | B42: =Buses!$A$13 -> 07:41 | C42: =Buses!A36 -> 07:41_T40.2_LV | D42: =Buses!$C$13 -> 11 | E42: =Buses!C36 -> 34 | I42: 4 | L42: 800 | U42: FALSE

Sheet Demand
A1: name | B1: busname | C1: busnumber | D1: in_service | E1: Filename_historic_data | F1: ID_realtime_API | G1: Division factor | H1: Load_basecase | I1: d_f
A2: =CONCATENATE("D_",Transformers!$A$2) -> D_T04.1 | B2: =Transformers!$C$2 -> 07:4.1_T04.1_LV | C2: =Transformers!$E$2 -> 58 | D2: =Transformers!$U$2 -> TRUE | E2: Kemi | F2: ='Loads, DERs, IEDs per bus'!$K$38 -> O3060132_EL_SUM_CONS_PV | G2: 5 | H2: 897.1 | I2: 5
A3: =CONCATENATE("D_",Transformers!$A$3) -> D_T04.2 | B3: =Transformers!$C$3 -> 07:4.1_T04.2_LV | C3: =Transformers!$E$3 -> 59 | D3: =Transformers!$U$3 -> TRUE | E3: Kemi | F3: ='Loads, DERs, IEDs per bus'!$K$38 -> O3060132_EL_SUM_CONS_PV | G3: 5 | H3: 897.1 | I3: 5
A4: =CONCATENATE("D_",Transformers!$A$4) -> D_T04.3 | B4: =Transformers!$C$4 -> 07:4.1_T04.3_LV | C4: =Transformers!$E$4 -> 60 | D4: =Transformers!$U$4 -> TRUE | E4: Kemi | F4: ='Loads, DERs, IEDs per bus'!$K$38 -> O3060132_EL_SUM_CONS_PV | G4: 5 | H4: 897.1 | I4: 5
A5: =CONCATENATE("D_",Transformers!$A$5) -> D_T04.4 | B5: =Transformers!$C$5 -> 07:4.2_T04.4_LV | C5: =Transformers!$E$5 -> 61 | D5: =Transformers!$U$5 -> FALSE
A6: =CONCATENATE("D_",Transformers!$A$6) -> D_T04.5 | B6: =Transformers!$C$6 -> 07:4.2_T04.5_LV | C6: =Transformers!$E$6 -> 62 | D6: =Transformers!$U$6 -> TRUE | E6: Kemi | F6: ='Loads, DERs, IEDs per bus'!$K$38 -> O3060132_EL_SUM_CONS_PV | G6: 5 | H6: 897.1 | I6: 5
A7: =CONCATENATE("D_",Transformers!$A$7) -> D_T04.6 | B7: =Transformers!$C$7 -> 07:3/4_T04.6_LV | C7: =Transformers!$E$7 -> 57 | D7: =Transformers!$U$7 -> TRUE | E7: ='Loads, DERs, IEDs per bus'!$H$38 -> \Chalmers test site\Historical data\Mätdata\Mätdata\Kemi | F7: ='Loads, DERs, IEDs per bus'!$K$38 -> O3060132_EL_SUM_CONS_PV | G7: 5 | H7: 897.1 | I7: 5
A8: =CONCATENATE("D_",Transformers!$A$8,"_Nyamatte") -> D_T06.1_Nyamatte | B8: =Transformers!$C$8 -> 07:6_T06.1_LV | C8: =Transformers!$E$8 -> 55 | D8: =Transformers!$U$8 -> TRUE | E8: ='Loads, DERs, IEDs per bus'!$H$18 -> 14506 | F8: ='Loads, DERs, IEDs per bus'!$K$18 -> O0007006_EL_SUM_CONS_PV | G8: 1 | H8: 74.7 | I8: 1
A9: =CONCATENATE("D_",Transformers!$A$8,"_Bibliotek") -> D_T06.1_Bibliotek | B9: =Transformers!$C$8 -> 07:6_T06.1_LV | C9: =Transformers!$E$9 -> 56 | D9: =Transformers!$U$8 -> TRUE | E9: ='Loads, DERs, IEDs per bus'!$H$19 -> 9613 | F9: ='Loads, DERs, IEDs per bus'!$K$19 -> O0007017_EL_SUM_CONS_PV | G9: 1 | H9: 53.2 | I9: 1
A10: =CONCATENATE("D_",Transformers!$A$9) -> D_T06.2 | B10: =Transformers!$C$9 -> 07:6_T06.2_LV | C10: =Transformers!$E$9 -> 56 | D10: =Transformers!$U$9 -> FALSE
A11: =CONCATENATE("D_",Transformers!$A$10) -> D_T01.1 | B11: =Transformers!$C$10 -> 07:1_T01.1_LV | C11: =Transformers!$E$10 -> 52 | D11: =Transformers!$U$10 -> TRUE | E11: ='Loads, DERs, IEDs per bus'!$H$26 -> 14505 | F11: ='Loads, DERs, IEDs per bus'!$K$26 -> O0007001_EL_SUM_CONS_PV | G11: 2 | H11: 107.1 | I11: 3
A12: =CONCATENATE("D_",Transformers!$A$11) -> D_T01.2 | B12: =Transformers!$C$11 -> 07:1_T01.2_LV | C12: =Transformers!$E$11 -> 53 | D12: =Transformers!$U$11 -> TRUE | E12: ='Loads, DERs, IEDs per bus'!$H$26 -> 14505 | F12: ='Loads, DERs, IEDs per bus'!$K$26 -> O0007001_EL_SUM_CONS_PV | G12: 2 | H12: 107.1 | I12: 3
A13: =CONCATENATE("D_",Transformers!$A$12) -> D_T01.3 | B13: =Transformers!$C$12 -> 07:1_T01.3_LV | C13: =Transformers!$E$12 -> 54 | D13: =Transformers!$U$12 -> TRUE | H13: 107.1 | I13: 3
A14: =CONCATENATE("D_",Transformers!$A$13) -> D_T13.1 | B14: =Transformers!$C$13 -> 013_T13.1_LV | C14: =Transformers!$E$13 -> 51 | D14: =Transformers!$U$13 -> TRUE | E14: ='Loads, DERs, IEDs per bus'!$H$27 -> 14503 | F14: ='Loads, DERs, IEDs per bus'!$K$27 -> O0011001_EL_SUM_CONS_PV | G14: 1 | H14: 22.2 | I14: 1
A15: =CONCATENATE("D_",Transformers!$A$14) -> D_T1 | B15: =Transformers!$C$14 -> 07:29E_T1_LV | C15: =Transformers!$E$14 -> 44 | D15: =Transformers!$U$14 -> TRUE | E15: none | F15: ='Loads, DERs, IEDs per bus'!$K$13 -> O3060133_EL_SUM_CONS_PV | G15: 3 | H15: 912 | I15: 3
A16: =CONCATENATE("D_",Transformers!$A$15) -> D_T2 | B16: =Transformers!$C$15 -> 07:29E_T2_LV | C16: =Transformers!$E$15 -> 45 | D16: =Transformers!$U$15 -> FALSE
A17: =CONCATENATE("D_",Transformers!$A$16) -> D_T3 | B17: =Transformers!$C$16 -> 07:29E_T3_LV | C17: =Transformers!$E$16 -> 46 | D17: =Transformers!$U$16 -> TRUE | E17: none | F17: ='Loads, DERs, IEDs per bus'!$K$13 -> O3060133_EL_SUM_CONS_PV | G17: 3 | H17: 912 | I17: 3
A18: =CONCATENATE("D_",Transformers!$A$17) -> D_T4 | B18: =Transformers!$C$17 -> 07:29E_T4_LV | C18: =Transformers!$E$17 -> 47 | D18: =Transformers!$U$17 -> FALSE
A19: =CONCATENATE("D_",Transformers!$A$18) -> D_T5 | B19: =Transformers!$C$18 -> 07:29E_T5_LV | C19: =Transformers!$E$18 -> 48 | D19: =Transformers!$U$18 -> TRUE | E19: none | F19: ='Loads, DERs, IEDs per bus'!$K$13 -> O3060133_EL_SUM_CONS_PV | G19: 3 | H19: 912 | I19: 3
A20: =CONCATENATE("D_",Transformers!$A$19) -> D_T6 | B20: =Transformers!$C$19 -> 07:29E_T6_LV | C20: =Transformers!$E$19 -> 49 | D20: =Transformers!$U$19 -> FALSE
A21: =CONCATENATE("D_",Transformers!$A$20) -> D_T7 | B21: =Transformers!$C$20 -> 07:29E_T7_LV | C21: =Transformers!$E$20 -> 50 | D21: =Transformers!$U$20 -> FALSE
A22: =CONCATENATE("D_",Transformers!$A$21,"_KC") -> D_T08.1_KC | B22: =Transformers!$C$21 -> 07:8.1.1.1_T08.1_LV | C22: =Transformers!$E$21 -> 25 | D22: =Transformers!$U$21 -> TRUE | E22: ='Loads, DERs, IEDs per bus'!$H$15 -> 9513 | F22: ='Loads, DERs, IEDs per bus'!$K$15 -> O0007008_EL_SUM_CONS_PV | G22: 2 | H22: 736.6 | I22: 4
A23: =CONCATENATE("D_",Transformers!$A$22,"_KC") -> D_T08.3_KC | B23: =Transformers!$C$22 -> 07:8.1.1.1_T08.3_LV | C23: =Transformers!$E$22 -> 24 | D23: =Transformers!$U$22 -> TRUE | E23: ='Loads, DERs, IEDs per bus'!$H$15 -> 9513 | F23: ='Loads, DERs, IEDs per bus'!$K$15 -> O0007008_EL_SUM_CONS_PV | G23: 2 | H23: 736.6 | I23: 4
A24: =CONCATENATE("D_",Transformers!$A$21,"_Kontor") -> D_T08.1_Kontor | B24: =Transformers!$C$21 -> 07:8.1.1.1_T08.1_LV | C24: =Transformers!$E$21 -> 25 | D24: =Transformers!$U$21 -> TRUE | E24: ='Loads, DERs, IEDs per bus'!$H$16 -> 9821 | F24: ='Loads, DERs, IEDs per bus'!$K$16 -> O0007888_EL_001_PV2 | G24: 2
A25: =CONCATENATE("D_",Transformers!$A$22,"_Kontor") -> D_T08.3_Kontor | B25: =Transformers!$C$22 -> 07:8.1.1.1_T08.3_LV | C25: =Transformers!$E$22 -> 24 | D25: =Transformers!$U$22 -> TRUE | E25: ='Loads, DERs, IEDs per bus'!$H$16 -> 9821 | F25: ='Loads, DERs, IEDs per bus'!$K$16 -> O0007888_EL_001_PV2 | G25: 2
A26: =CONCATENATE("D_",Transformers!$A$23) -> D_T08.4 | B26: =Transformers!$C$23 -> 07:8_T08.4_LV | C26: =Transformers!$E$23 -> 22 | D26: =Transformers!$U$23 -> TRUE | H26: 736.6 | I26: 4
A27: =CONCATENATE("D_",Transformers!$A$24) -> D_T08.5 | B27: =Transformers!$C$24 -> 07:8.1.3_T08.5_LV | C27: =Transformers!$E$24 -> 26 | D27: =Transformers!$U$24 -> TRUE | H27: 736.6 | I27: 4
A28: =CONCATENATE("D_",Transformers!$A$25) -> D_T19.1 | B28: =Transformers!$C$25 -> 07:19_T19.1_LV | C28: =Transformers!$E$25 -> 27 | D28: =Transformers!$U$25 -> TRUE | E28: 9653 | F28: O0007019_EL_SUM_CONS_PV | G28: 1 | H28: 22.7 | I28: 2
A29: =CONCATENATE("D_",Transformers!$A$26) -> D_T19.2 | B29: =Transformers!$C$26 -> 07:19_T19.2_LV | C29: =Transformers!$E$26 -> 28 | D29: =Transformers!$U$26 -> FALSE | H29: 22.7 | I29: 2
A30: =CONCATENATE("D_",Transformers!$A$27) -> D_T28.5 | B30: =Transformers!$C$27 -> 07:28D5_T28.5_LV | C30: =Transformers!$E$27 -> 23 | D30: =Transformers!$U$27 -> TRUE | H30: 349.7 | I30: 3
A31: =CONCATENATE("D_",Transformers!$A$28,"_Maskin") -> D_T28.1_Maskin | B31: =Transformers!$C$28 -> 07:28_T28.1_LV | C31: =Transformers!$E$28 -> 37 | D31: =Transformers!$U$28 -> TRUE | E31: ='Loads, DERs, IEDs per bus'!$H$23 -> 9686 | F31: ='Loads, DERs, IEDs per bus'!$K$23 -> O0007028_EL_SUM_CONS_PV | G31: 2 | H31: 349.7 | I31: 3
A32: =CONCATENATE("D_",Transformers!$A$28,"_HB") -> D_T28.1_HB | B32: =Transformers!$C$28 -> 07:28_T28.1_LV | C32: =Transformers!$E$28 -> 37 | D32: =Transformers!$U$28 -> TRUE | E32: ='Loads, DERs, IEDs per bus'!$H$24 -> 9657 | F32: ='Loads, DERs, IEDs per bus'!$K$24 -> O0007022_EL_SUM_CONS_PV | G32: 2
A33: =CONCATENATE("D_",Transformers!$A$28,"_HA") -> D_T28.1_HA | B33: =Transformers!$C$28 -> 07:28_T28.1_LV | C33: =Transformers!$E$28 -> 37 | D33: =Transformers!$U$28 -> TRUE | E33: ='Loads, DERs, IEDs per bus'!$H$25 -> 9656 | F33: ='Loads, DERs, IEDs per bus'!$K$25 -> O0007025_EL_SUM_CONS_PV | G33: 2
A34: =CONCATENATE("D_",Transformers!$A$29) -> D_T28.2 | B34: =Transformers!$C$29 -> 07:28_T28.2_LV | C34: =Transformers!$E$29 -> 38 | D34: =Transformers!$U$29 -> FALSE
A35: =CONCATENATE("D_",Transformers!$A$30,"_Maskin") -> D_T28.3_Maskin | B35: =Transformers!$C$30 -> 07:28_T28.3_LV | C35: =Transformers!$E$30 -> 39 | D35: =Transformers!$U$30 -> TRUE | E35: ='Loads, DERs, IEDs per bus'!$H$23 -> 9686 | F35: ='Loads, DERs, IEDs per bus'!$K$23 -> O0007028_EL_SUM_CONS_PV | G35: 2 | H35: 349.7 | I35: 3
A36: =CONCATENATE("D_",Transformers!$A$30,"_HB") -> D_T28.3_HB | B36: =Transformers!$C$30 -> 07:28_T28.3_LV | C36: =Transformers!$E$30 -> 39 | D36: =Transformers!$U$30 -> TRUE | E36: ='Loads, DERs, IEDs per bus'!$H$24 -> 9657 | F36: ='Loads, DERs, IEDs per bus'!$K$24 -> O0007022_EL_SUM_CONS_PV | G36: 2
A37: =CONCATENATE("D_",Transformers!$A$30,"_HA") -> D_T28.3_HA | B37: =Transformers!$C$30 -> 07:28_T28.3_LV | C37: =Transformers!$E$30 -> 39 | D37: =Transformers!$U$30 -> TRUE | E37: ='Loads, DERs, IEDs per bus'!$H$25 -> 9656 | F37: ='Loads, DERs, IEDs per bus'!$K$25 -> O0007025_EL_SUM_CONS_PV | G37: 2
A38: =CONCATENATE("D_",Transformers!$A$31,"_ELKTek") -> D_T12.1_ELKTek | B38: =Transformers!$C$31 -> 07:12_T12.1_LV | C38: =Transformers!$E$31 -> 42 | D38: =Transformers!$U$31 -> TRUE | E38: ='Loads, DERs, IEDs per bus'!$H$31 -> 9651 | F38: ='Loads, DERs, IEDs per bus'!$K$31 -> O0007012_EL_SUM_CONS_PV | G38: 2 | H38: 73.8 | I38: 2
A39: =CONCATENATE("D_",Transformers!$A$31,"_HC") -> D_T12.1_HC | B39: =Transformers!$C$31 -> 07:12_T12.1_LV | C39: =Transformers!$E$31 -> 42 | D39: =Transformers!$U$31 -> TRUE | E39: ='Loads, DERs, IEDs per bus'!$H$32 -> 9655 | F39: ='Loads, DERs, IEDs per bus'!$K$32 -> O0007021_EL_SUM_CONS_PV | G39: 2
A40: =CONCATENATE("D_",Transformers!$A$31,"_GibHerr") -> D_T12.1_GibHerr | B40: =Transformers!$C$31 -> 07:12_T12.1_LV | C40: =Transformers!$E$31 -> 42 | D40: =Transformers!$U$31 -> TRUE | E40: ='Loads, DERs, IEDs per bus'!$H$33 -> 9515 | F40: ='Loads, DERs, IEDs per bus'!$K$33 -> O0007014_EL_SUM_CONS_PV | G40: 2
A41: =CONCATENATE("D_",Transformers!$A$32,"_ELKTek") -> D_T12.2_ELKTek | B41: =Transformers!$C$32 -> 07:12_T12.2_LV | C41: =Transformers!$E$32 -> 43 | D41: =Transformers!$U$32 -> TRUE | E41: ='Loads, DERs, IEDs per bus'!$H$31 -> 9651 | F41: ='Loads, DERs, IEDs per bus'!$K$31 -> O0007012_EL_SUM_CONS_PV | G41: 2 | H41: 73.8 | I41: 2
A42: =CONCATENATE("D_",Transformers!$A$32,"_HC") -> D_T12.2_HC | B42: =Transformers!$C$32 -> 07:12_T12.2_LV | C42: =Transformers!$E$32 -> 43 | D42: =Transformers!$U$32 -> TRUE | E42: ='Loads, DERs, IEDs per bus'!$H$32 -> 9655 | F42: ='Loads, DERs, IEDs per bus'!$K$32 -> O0007021_EL_SUM_CONS_PV | G42: 2
A43: =CONCATENATE("D_",Transformers!$A$32,"_GibHerr") -> D_T12.2_GibHerr | B43: =Transformers!$C$32 -> 07:12_T12.2_LV | C43: =Transformers!$E$32 -> 43 | D43: =Transformers!$U$32 -> TRUE | E43: ='Loads, DERs, IEDs per bus'!$H$33 -> 9515 | F43: ='Loads, DERs, IEDs per bus'!$K$33 -> O0007014_EL_SUM_CONS_PV | G43: 2
A44: =CONCATENATE("D_",Transformers!$A$33) -> D_T35.1 | B44: =Transformers!$C$33 -> 07:35_T35.1_LV | C44: =Transformers!$E$33 -> 40 | D44: =Transformers!$U$33 -> TRUE | H44: 0 | I44: 1
A45: =CONCATENATE("D_",Transformers!$A$34) -> D_T35.2 | B45: =Transformers!$C$34 -> 07:35_T35.2_LV | C45: =Transformers!$E$34 -> 41 | D45: =Transformers!$U$34 -> TRUE | H45: 0 | I45: 1
A46: =CONCATENATE("D_",Transformers!$A$35) -> D_T11.1 | B46: =Transformers!$C$35 -> 07:11B_T11.1_LV | C46: =Transformers!$E$35 -> 35 | D46: =Transformers!$U$35 -> FALSE | H46: 0 | I46: 1
A47: =CONCATENATE("D_",Transformers!$A$36,"_Idelara") -> D_T11.2_Idelara | B47: =Transformers!$C$36 -> 07:11B_T11.2_LV | C47: =Transformers!$E$36 -> 36 | D47: =Transformers!$U$36 -> TRUE | E47: ='Loads, DERs, IEDs per bus'!$H$20 -> 9652 | F47: ='Loads, DERs, IEDs per bus'!$K$20 -> O0007018_EL_SUM_CONS_PV | G47: 1 | H47: 23.7 | I47: 1
A48: =CONCATENATE("D_",Transformers!$A$36,"_Edit") -> D_T11.2_Edit | B48: =Transformers!$C$36 -> 07:11B_T11.2_LV | C48: =Transformers!$E$36 -> 36 | D48: =Transformers!$U$36 -> TRUE | E48: ='Loads, DERs, IEDs per bus'!$H$22 -> 14497 | F48: ='Loads, DERs, IEDs per bus'!$K$22 -> O0007024_EL_SUM_CONS_PV | G48: 1
A49: =CONCATENATE("D_",Transformers!$A$37) -> D_T23.1 | B49: =Transformers!$C$37 -> 07:23_T23.1_LV | C49: =Transformers!$E$37 -> 30 | D49: =Transformers!$U$37 -> TRUE | E49: 9614 | F49: O0007023_EL_SUM_CONS_PV | G49: 1 | H49: 25.8 | I49: 1
A50: =CONCATENATE("D_",Transformers!$A$38) -> D_T23.2 | B50: =Transformers!$C$38 -> 07:23_T23.2_LV | C50: =Transformers!$E$38 -> 29 | D50: =Transformers!$U$38 -> TRUE | E50: 9658 | F50: O0007026_EL_SUM_CONS_PV | G50: 1 | H50: 78.3 | I50: 1
A51: =CONCATENATE("D_",Transformers!$A$39) -> D_T27.1 | B51: =Transformers!$C$39 -> 07:27_T27.1_LV | C51: =Transformers!$E$39 -> 31 | D51: =Transformers!$U$39 -> FALSE | H51: 0 | I51: 1
A52: =CONCATENATE("D_",Transformers!$A$40,"_SB3") -> D_T27.2_SB3 | B52: =Transformers!$C$40 -> 07:27_T27.2_LV | C52: =Transformers!$E$40 -> 32 | D52: =Transformers!$U$40 -> TRUE | E52: 9659 | F52: O0007027_EL_SUM_CONS_PV | G52: 1 | H52: 178.9 | I52: 1
A53: =CONCATENATE("D_",Transformers!$A$40,"_Phus") -> D_T27.2_Phus | B53: =Transformers!$C$40 -> 07:27_T27.2_LV | C53: =Transformers!$E$40 -> 32 | D53: =Transformers!$U$40 -> TRUE | E53: 15755 | F53: O0007043_EL_SUM_CONS_PV | G53: 1 | H53: 37.7 | I53: 1
A54: =CONCATENATE("D_",Transformers!$A$40,"_AWL") -> D_T27.2_AWL | B54: =Transformers!$C$40 -> 07:27_T27.2_LV | C54: =Transformers!$E$40 -> 32 | D54: =Transformers!$U$40 -> TRUE | E54: 16991 | F54: O0007044_EL_SUM_CONS_PV | G54: 1 | H54: 78.4 | I54: 1
A55: =CONCATENATE("D_",Transformers!$A$41) -> D_T40.1 | B55: =Transformers!$C$41 -> 07:41_T40.1_LV | C55: =Transformers!$E$41 -> 33 | D55: =Transformers!$U$41 -> TRUE | E55: ='Loads, DERs, IEDs per bus'!$H$34 -> 9687 | F55: ='Loads, DERs, IEDs per bus'!$K$34 -> O0007040_EL_SUM_CONS_PV | G55: 1 | H55: 89.2 | I55: 1
A56: =CONCATENATE("D_",Transformers!$A$42) -> D_T40.2 | B56: =Transformers!$C$42 -> 07:41_T40.2_LV | C56: =Transformers!$E$42 -> 34 | D56: =Transformers!$U$42 -> FALSE | H56: 0 | I56: 1

Sheet PV(staticGen)
A1: name | B1: busname | C1: busnumber | D1: in_service | E1: orientation | F1: Inverter_capacity (kW) | G1: Filename_historic_data | H1: ID_realtime_API | I1: Division factor
A2: =CONCATENATE("PV_",Transformers!$A$2) -> PV_T04.1 | B2: =Transformers!$C$2 -> 07:4.1_T04.1_LV | C2: =Transformers!$E$2 -> 58 | D2: =Transformers!$U$2 -> TRUE
A3: =CONCATENATE("PV_",Transformers!$A$3) -> PV_T04.2 | B3: =Transformers!$C$3 -> 07:4.1_T04.2_LV | C3: =Transformers!$E$3 -> 59 | D3: =Transformers!U$3 -> TRUE
A4: =CONCATENATE("PV_",Transformers!$A$4) -> PV_T04.3 | B4: =Transformers!$C$4 -> 07:4.1_T04.3_LV | C4: =Transformers!$E$4 -> 60 | D4: =Transformers!U$4 -> TRUE
A5: =CONCATENATE("PV_",Transformers!$A$5) -> PV_T04.4 | B5: =Transformers!$C$5 -> 07:4.2_T04.4_LV | C5: =Transformers!$E$5 -> 61 | D5: =Transformers!U$5 -> FALSE
A6: =CONCATENATE("PV_",Transformers!$A$6) -> PV_T04.5 | B6: =Transformers!$C$6 -> 07:4.2_T04.5_LV | C6: =Transformers!$E$6 -> 62 | D6: =Transformers!U$6 -> TRUE
A7: =CONCATENATE("PV_",Transformers!$A$7) -> PV_T04.6 | B7: =Transformers!$C$7 -> 07:3/4_T04.6_LV | C7: =Transformers!$E$7 -> 57 | D7: =Transformers!U$7 -> TRUE
A8: =CONCATENATE("PV_",Transformers!$A$8) -> PV_T06.1 | B8: =Transformers!$C$8 -> 07:6_T06.1_LV | C8: =Transformers!$E$8 -> 55 | D8: =Transformers!U$8 -> TRUE | G8: ='Loads, DERs, IEDs per bus'!$M$19 -> 16872 | H8: ='Loads, DERs, IEDs per bus'!$N$19 -> O0007017_EL_SUM_PROD_PV | I8: 1
A9: =CONCATENATE("PV_",Transformers!$A$9) -> PV_T06.2 | B9: =Transformers!$C$9 -> 07:6_T06.2_LV | C9: =Transformers!$E$9 -> 56 | D9: =Transformers!U$9 -> FALSE
A10: =CONCATENATE("PV_",Transformers!$A$10) -> PV_T01.1 | B10: =Transformers!$C$10 -> 07:1_T01.1_LV | C10: =Transformers!$E$10 -> 52 | D10: =Transformers!U$10 -> TRUE
A11: =CONCATENATE("PV_",Transformers!$A$11) -> PV_T01.2 | B11: =Transformers!$C$11 -> 07:1_T01.2_LV | C11: =Transformers!$E$11 -> 53 | D11: =Transformers!U$11 -> TRUE
A12: =CONCATENATE("PV_",Transformers!$A$12) -> PV_T01.3 | B12: =Transformers!$C$12 -> 07:1_T01.3_LV | C12: =Transformers!$E$12 -> 54 | D12: =Transformers!U$12 -> TRUE
A13: =CONCATENATE("PV_",Transformers!$A$13) -> PV_T13.1 | B13: =Transformers!$C$13 -> 013_T13.1_LV | C13: =Transformers!$E$13 -> 51 | D13: =Transformers!U$13 -> TRUE
A14: =CONCATENATE("PV_",Transformers!$A$14) -> PV_T1 | B14: =Transformers!$C$14 -> 07:29E_T1_LV | C14: =Transformers!$E$14 -> 44 | D14: =Transformers!U$14 -> TRUE
A15: =CONCATENATE("PV_",Transformers!$A$15) -> PV_T2 | B15: =Transformers!$C$15 -> 07:29E_T2_LV | C15: =Transformers!$E$15 -> 45 | D15: =Transformers!U$15 -> FALSE
A16: =CONCATENATE("PV_",Transformers!$A$16) -> PV_T3 | B16: =Transformers!$C$16 -> 07:29E_T3_LV | C16: =Transformers!$E$16 -> 46 | D16: =Transformers!U$16 -> TRUE
A17: =CONCATENATE("PV_",Transformers!$A$17) -> PV_T4 | B17: =Transformers!$C$17 -> 07:29E_T4_LV | C17: =Transformers!$E$17 -> 47 | D17: =Transformers!U$17 -> FALSE
A18: =CONCATENATE("PV_",Transformers!$A$18) -> PV_T5 | B18: =Transformers!$C$18 -> 07:29E_T5_LV | C18: =Transformers!$E$18 -> 48 | D18: =Transformers!U$18 -> TRUE
A19: =CONCATENATE("PV_",Transformers!$A$19) -> PV_T6 | B19: =Transformers!$C$19 -> 07:29E_T6_LV | C19: =Transformers!$E$19 -> 49 | D19: =Transformers!U$19 -> FALSE
A20: =CONCATENATE("PV_",Transformers!$A$20) -> PV_T7 | B20: =Transformers!$C$20 -> 07:29E_T7_LV | C20: =Transformers!$E$20 -> 50 | D20: =Transformers!U$20 -> FALSE
A21: =CONCATENATE("PV_",Transformers!$A$21) -> PV_T08.1 | B21: =Transformers!$C$21 -> 07:8.1.1.1_T08.1_LV | C21: =Transformers!$E$21 -> 25 | D21: =Transformers!U$21 -> TRUE | G21: ='Loads, DERs, IEDs per bus'!$M$15 -> 16943 | H21: ='Loads, DERs, IEDs per bus'!$N$15 -> O0007008_EL_SUM_PROD_PV | I21: 2
A22: =CONCATENATE("PV_",Transformers!$A$22) -> PV_T08.3 | B22: =Transformers!$C$22 -> 07:8.1.1.1_T08.3_LV | C22: =Transformers!$E$22 -> 24 | D22: =Transformers!U$22 -> TRUE | G22: ='Loads, DERs, IEDs per bus'!$M$15 -> 16943 | H22: ='Loads, DERs, IEDs per bus'!$N$15 -> O0007008_EL_SUM_PROD_PV | I22: 2
A23: =CONCATENATE("PV_",Transformers!$A$23) -> PV_T08.4 | B23: =Transformers!$C$23 -> 07:8_T08.4_LV | C23: =Transformers!$E$23 -> 22 | D23: =Transformers!U$23 -> TRUE
A24: =CONCATENATE("PV_",Transformers!$A$24) -> PV_T08.5 | B24: =Transformers!$C$24 -> 07:8.1.3_T08.5_LV | C24: =Transformers!$E$24 -> 26 | D24: =Transformers!U$24 -> TRUE
A25: =CONCATENATE("PV_",Transformers!$A$25) -> PV_T19.1 | B25: =Transformers!$C$25 -> 07:19_T19.1_LV | C25: =Transformers!$E$25 -> 27 | D25: =Transformers!U$25 -> TRUE
A26: =CONCATENATE("PV_",Transformers!$A$26) -> PV_T19.2 | B26: =Transformers!$C$26 -> 07:19_T19.2_LV | C26: =Transformers!$E$26 -> 28 | D26: =Transformers!U$26 -> FALSE
A27: =CONCATENATE("PV_",Transformers!$A$27) -> PV_T28.5 | B27: =Transformers!$C$27 -> 07:28D5_T28.5_LV | C27: =Transformers!$E$27 -> 23 | D27: =Transformers!U$27 -> TRUE
A28: =CONCATENATE("PV_",Transformers!$A$28,"_Maskin") -> PV_T28.1_Maskin | B28: =Transformers!$C$28 -> 07:28_T28.1_LV | C28: =Transformers!$E$28 -> 37 | D28: =Transformers!U$28 -> TRUE | G28: ='Loads, DERs, IEDs per bus'!$M$23 -> O7_28 external file+E22D22:K23N23F22:K23C22:K23 | H28: ='Loads, DERs, IEDs per bus'!$N$23 -> O0007028_EL_SUM_PROD_PV | I28: 2
A29: =CONCATENATE("PV_",Transformers!$A$29) -> PV_T28.2 | B29: =Transformers!$C$29 -> 07:28_T28.2_LV | C29: =Transformers!$E$29 -> 38 | D29: =Transformers!U$29 -> FALSE
A30: =CONCATENATE("PV_",Transformers!$A$30,"_Maskin") -> PV_T28.3_Maskin | B30: =Transformers!$C$30 -> 07:28_T28.3_LV | C30: =Transformers!$E$30 -> 39 | D30: =Transformers!U$30 -> TRUE | G30: ='Loads, DERs, IEDs per bus'!$M$23 -> O7_28 external file+E22D22:K23N23F22:K23C22:K23 | H30: ='Loads, DERs, IEDs per bus'!$N$23 -> O0007028_EL_SUM_PROD_PV | I30: 2
A31: =CONCATENATE("PV_",Transformers!$A$31) -> PV_T12.1 | B31: =Transformers!$C$31 -> 07:12_T12.1_LV | C31: =Transformers!$E$31 -> 42 | D31: =Transformers!U$31 -> TRUE
A32: =CONCATENATE("PV_",Transformers!$A$32) -> PV_T12.2 | B32: =Transformers!$C$32 -> 07:12_T12.2_LV | C32: =Transformers!$E$32 -> 43 | D32: =Transformers!U$32 -> TRUE
A33: =CONCATENATE("PV_",Transformers!$A$33) -> PV_T35.1 | B33: =Transformers!$C$33 -> 07:35_T35.1_LV | C33: =Transformers!$E$33 -> 40 | D33: =Transformers!U$33 -> TRUE
A34: =CONCATENATE("PV_",Transformers!$A$34) -> PV_T35.2 | B34: =Transformers!$C$34 -> 07:35_T35.2_LV | C34: =Transformers!$E$34 -> 41 | D34: =Transformers!U$34 -> TRUE
A35: =CONCATENATE("PV_",Transformers!$A$35) -> PV_T11.1 | B35: =Transformers!$C$35 -> 07:11B_T11.1_LV | C35: =Transformers!$E$35 -> 35 | D35: =Transformers!U$35 -> FALSE
A36: =CONCATENATE("PV_",Transformers!$A$36,"_Edit") -> PV_T11.2_Edit | B36: =Transformers!$C$36 -> 07:11B_T11.2_LV | C36: =Transformers!$E$36 -> 36 | D36: =Transformers!U$36 -> TRUE | G36: ='Loads, DERs, IEDs per bus'!$M$22 -> O7_24 external file | H36: ='Loads, DERs, IEDs per bus'!$N$22 -> O0007024_EL_SUM_PROD_PV | I36: 1
A37: =CONCATENATE("PV_",Transformers!$A$37) -> PV_T23.1 | B37: =Transformers!$C$37 -> 07:23_T23.1_LV | C37: =Transformers!$E$37 -> 30 | D37: =Transformers!U$37 -> TRUE | G37: ='Loads, DERs, IEDs per bus'!$M$8 -> 16821 | H37: ='Loads, DERs, IEDs per bus'!$N$8 -> O0007023_EL_SUM_PROD_PV | I37: 1
A38: =CONCATENATE("PV_",Transformers!$A$38) -> PV_T23.2 | B38: =Transformers!$C$38 -> 07:23_T23.2_LV | C38: =Transformers!$E$38 -> 29 | D38: =Transformers!U$38 -> TRUE | G38: ='Loads, DERs, IEDs per bus'!$M$9 -> 16710 | H38: ='Loads, DERs, IEDs per bus'!$N$9 -> O0007026_EL_SUM_PROD_PV | I38: 1
A39: =CONCATENATE("PV_",Transformers!$A$39) -> PV_T27.1 | B39: =Transformers!$C$39 -> 07:27_T27.1_LV | C39: =Transformers!$E$39 -> 31 | D39: =Transformers!U$39 -> FALSE
A40: =CONCATENATE("PV_",Transformers!$A40,"_SB3") -> PV_T27.2_SB3 | B40: =Transformers!$C$40 -> 07:27_T27.2_LV | C40: =Transformers!$E$40 -> 32 | D40: =Transformers!U$40 -> TRUE | G40: ='Loads, DERs, IEDs per bus'!$M$10 -> 16871 (norra) | H40: ='Loads, DERs, IEDs per bus'!$N$10 -> O0007027_EL_SUM_PROD_PV | I40: 1
A41: =CONCATENATE("PV_",Transformers!$A40,"_Phus") -> PV_T27.2_Phus | B41: =Transformers!$C$40 -> 07:27_T27.2_LV | C41: =Transformers!$E$40 -> 32 | D41: =Transformers!U$40 -> TRUE
A42: =CONCATENATE("PV_",Transformers!$A40,"_AWL") -> PV_T27.2_AWL | B42: =Transformers!$C$40 -> 07:27_T27.2_LV | C42: =Transformers!$E$40 -> 32 | D42: =Transformers!U$40 -> TRUE | G42: ='Loads, DERs, IEDs per bus'!$M$12 -> 16884 | H42: ='Loads, DERs, IEDs per bus'!$N$12 -> O0007044_EL_SUM_PROD_PV | I42: 1
A43: =CONCATENATE("PV_",Transformers!$A$41) -> PV_T40.1 | B43: =Transformers!$C$41 -> 07:41_T40.1_LV | C43: =Transformers!$E$41 -> 33 | D43: =Transformers!U$41 -> TRUE
A44: =CONCATENATE("PV_",Transformers!$A$42) -> PV_T40.2 | B44: =Transformers!$C$42 -> 07:41_T40.2_LV | C44: =Transformers!$E$42 -> 34 | D44: =Transformers!U$42 -> FALSE

Sheet DERs location
A1: =Buses!A1 -> bus_name | B1: =Buses!B1 -> Building_name | C1: =Buses!C1 -> bus_number | D1: =Buses!E1 -> in_service | E1: DER_names | F1: tag
A2: =Buses!A24 -> 07:8_T08.4_LV | B2: =Buses!B24 -> Kraftcentral_RUM4026 | C2: =Buses!C24 -> 22 | D2: =Buses!E24 -> TRUE | E2: CHP
A3: =Buses!A25 -> 07:28D5_T28.5_LV | B3: =Buses!B25 -> MaskinDel5_RUM0211 | C3: =Buses!C25 -> 23 | D3: =Buses!E25 -> TRUE
A4: =Buses!A26 -> 07:8.1.1.1_T08.3_LV | B4: =Buses!B26 -> Kraftcentral_RUM1019 | C4: =Buses!C26 -> 24 | D4: =Buses!E26 -> TRUE | E4: PV,VKA2,VKA4
A5: =Buses!A27 -> 07:8.1.1.1_T08.1_LV | B5: =Buses!B27 -> Kraftcentral_RUM1019 | C5: =Buses!C27 -> 25 | D5: =Buses!E27 -> TRUE
A6: =Buses!A28 -> 07:8.1.3_T08.5_LV | B6: =Buses!B28 -> Kraftcentral_RUM4023 | C6: =Buses!C28 -> 26 | D6: =Buses!E28 -> TRUE
A7: =Buses!A29 -> 07:19_T19.1_LV | B7: =Buses!B29 -> Administration_RUM1031 | C7: =Buses!C29 -> 27 | D7: =Buses!E29 -> TRUE
A8: =Buses!A30 -> 07:19_T19.2_LV | B8: =Buses!B30 -> Administration_RUM1031 | C8: =Buses!C30 -> 28 | D8: =Buses!E30 -> FALSE
A9: =Buses!A31 -> 07:23_T23.2_LV | B9: =Buses!B31 -> VoVI_RUM0120 | C9: =Buses!C31 -> 29 | D9: =Buses!E31 -> TRUE | E9: PV
A10: =Buses!A32 -> 07:23_T23.1_LV | B10: =Buses!B32 -> VoVI_RUM0120 | C10: =Buses!C32 -> 30 | D10: =Buses!E32 -> TRUE | E10: PV
A11: =Buses!A33 -> 07:27_T27.1_LV | B11: =Buses!B33 -> VoVII_RUM0053 | C11: =Buses!C33 -> 31 | D11: =Buses!E33 -> FALSE
A12: =Buses!A34 -> 07:27_T27.2_LV | B12: =Buses!B34 -> VoVII_RUM0053 | C12: =Buses!C34 -> 32 | D12: =Buses!E34 -> TRUE | E12: PV,BES_SB
A13: =Buses!A35 -> 07:41_T40.1_LV | B13: =Buses!B35 -> MatematisktCentrum_RUMxx | C13: =Buses!C35 -> 33 | D13: =Buses!E35 -> TRUE
A14: =Buses!A36 -> 07:41_T40.2_LV | B14: =Buses!B36 -> MatematisktCentrum_RUMxx | C14: =Buses!C36 -> 34 | D14: =Buses!E36 -> FALSE
A15: =Buses!A37 -> 07:11B_T11.1_LV | B15: =Buses!B37 -> ElektroData_RUMxx | C15: =Buses!C37 -> 35 | D15: =Buses!E37 -> FALSE
A16: =Buses!A38 -> 07:11B_T11.2_LV | B16: =Buses!B38 -> ElektroData_RUMxx | C16: =Buses!C38 -> 36 | D16: =Buses!E38 -> TRUE | E16: PV
A17: =Buses!A39 -> 07:28_T28.1_LV | B17: =Buses!B39 -> Maskin_RUM0303 | C17: =Buses!C39 -> 37 | D17: =Buses!E39 -> TRUE | E17: PV,BES_M,VKA1
A18: =Buses!A40 -> 07:28_T28.2_LV | B18: =Buses!B40 -> Maskin_RUM0303 | C18: =Buses!C40 -> 38 | D18: =Buses!E40 -> FALSE
A19: =Buses!A41 -> 07:28_T28.3_LV | B19: =Buses!B41 -> Maskin_RUM0303 | C19: =Buses!C41 -> 39 | D19: =Buses!E41 -> TRUE | E19: Ref_HP?
A20: =Buses!A42 -> 07:35_T35.1_LV | B20: =Buses!B42 -> Elektro | C20: =Buses!C42 -> 40 | D20: =Buses!E42 -> TRUE
A21: =Buses!A43 -> 07:35_T35.2_LV | B21: =Buses!B43 -> Elektro | C21: =Buses!C43 -> 41 | D21: =Buses!E43 -> TRUE
A22: =Buses!A44 -> 07:12_T12.1_LV | B22: =Buses!B44 -> Elkraft | C22: =Buses!C44 -> 42 | D22: =Buses!E44 -> TRUE
A23: =Buses!A45 -> 07:12_T12.2_LV | B23: =Buses!B45 -> Elkraft | C23: =Buses!C45 -> 43 | D23: =Buses!E45 -> TRUE
A24: =Buses!A46 -> 07:29E_T1_LV | B24: =Buses!B46 -> MikroElektronik_RUMA104 | C24: =Buses!C46 -> 44 | D24: =Buses!E46 -> TRUE
A25: =Buses!A47 -> 07:29E_T2_LV | B25: =Buses!B47 -> MikroElektronik_RUMA104 | C25: =Buses!C47 -> 45 | D25: =Buses!E47 -> FALSE
A26: =Buses!A48 -> 07:29E_T3_LV | B26: =Buses!B48 -> MikroElektronik_RUMA104 | C26: =Buses!C48 -> 46 | D26: =Buses!E48 -> TRUE
A27: =Buses!A49 -> 07:29E_T4_LV | B27: =Buses!B49 -> MikroElektronik_RUMA104 | C27: =Buses!C49 -> 47 | D27: =Buses!E49 -> FALSE
A28: =Buses!A50 -> 07:29E_T5_LV | B28: =Buses!B50 -> MikroElektronik_RUMA109 | C28: =Buses!C50 -> 48 | D28: =Buses!E50 -> TRUE
A29: =Buses!A51 -> 07:29E_T6_LV | B29: =Buses!B51 -> MikroElektronik_RUMA109 | C29: =Buses!C51 -> 49 | D29: =Buses!E51 -> FALSE
A30: =Buses!A52 -> 07:29E_T7_LV | B30: =Buses!B52 -> MikroElektronik_RUMA109 | C30: =Buses!C52 -> 50 | D30: =Buses!E52 -> FALSE
A31: =Buses!A53 -> 013_T13.1_LV | B31: =Buses!B53 -> Keram_RUM014 | C31: =Buses!C53 -> 51 | D31: =Buses!E53 -> TRUE | E31: PV
A32: =Buses!A54 -> 07:1_T01.1_LV | B32: =Buses!B54 -> Fysik_RUM3118 | C32: =Buses!C54 -> 52 | D32: =Buses!E54 -> TRUE
A33: =Buses!A55 -> 07:1_T01.2_LV | B33: =Buses!B55 -> Fysik_RUM3118 | C33: =Buses!C55 -> 53 | D33: =Buses!E55 -> TRUE
A34: =Buses!A56 -> 07:1_T01.3_LV | B34: =Buses!B56 -> Fysik_RUM3118 | C34: =Buses!C56 -> 54 | D34: =Buses!E56 -> TRUE
A35: =Buses!A57 -> 07:6_T06.1_LV | B35: =Buses!B57 -> MV_RUM1110 | C35: =Buses!C57 -> 55 | D35: =Buses!E57 -> TRUE | E35: PV
A36: =Buses!A58 -> 07:6_T06.2_LV | B36: =Buses!B58 -> MV_RUM1110 | C36: =Buses!C58 -> 56 | D36: =Buses!E58 -> FALSE
A37: =Buses!A59 -> 07:3/4_T04.6_LV | B37: =Buses!B59 -> 07:3/4_RUM11002 | C37: =Buses!C59 -> 57 | D37: =Buses!E59 -> TRUE
A38: =Buses!A60 -> 07:4.1_T04.1_LV | B38: =Buses!B60 -> Kemi_RUM2105 | C38: =Buses!C60 -> 58 | D38: =Buses!E60 -> TRUE | E38: CF_PV?
A39: =Buses!A61 -> 07:4.1_T04.2_LV | B39: =Buses!B61 -> Kemi_RUM2105 | C39: =Buses!C61 -> 59 | D39: =Buses!E61 -> TRUE | E39: CF_PV?
A40: =Buses!A62 -> 07:4.1_T04.3_LV | B40: =Buses!B62 -> Kemi_RUM2105 | C40: =Buses!C62 -> 60 | D40: =Buses!E62 -> TRUE | E40: CF_PV?
A41: =Buses!A63 -> 07:4.2_T04.4_LV | B41: =Buses!B63 -> Kemi_RUM0008 | C41: =Buses!C63 -> 61 | D41: =Buses!E63 -> FALSE
A42: =Buses!A64 -> 07:4.2_T04.5_LV | B42: =Buses!B64 -> Kemi_RUM0008 | C42: =Buses!C64 -> 62 | D42: =Buses!E64 -> TRUE

Sheet 2016_2017 buildings demand
B1: O7:4 | C1: O7:43 | D1: O7:17 | E1: O7:06 | F1: O7:08 | G1: O7:0888 | H1: O7:41 | I1: O7:14 | J1: O7:22 | K1: O7:25 | L1: O7:12 | M1: O7:21 | N1: O7:28 | O1: O7:01 | P1: O7:35 | Q1: O13 | R1: O11 | S1: O7:35 | T1: O7:19 | U1: O7:23 | V1: O7:23 | W1: O7:27 | X1: O7:24
A2: Datum(Starting from 01-01-2016) | B2: Kemi | C2: Phus | D2: Bibliotek | E2: NyaMatte | F2: Kraftcentral | G2: Lokalkontor | H2: GamlaMatte | I2: Gibraltar_herrgard | J2: HA | K2: HB | L2: Elkraftteknik | M2: HC | N2: Maskinteknik | O2: Fysik_Origo | P2: Edit | Q2: Keramforskning | R2: Fysik_Soliden | S2: Idelara | T2: Karhuset | U2: VOV1 | V2: Arkitektur | W2: VOV2 | X2: Edit
A3: 1 | B3: 712.64882 | C3: 1.739682 | D3: 41.913571 | E3: 107.12603 | F3: 32.820545 | G3: 7.821256 | H3: 61.357537 | I3: 5.939035 | J3: 6.3130656 | K3: 36.31156 | L3: 62.25318 | M3: 6.661713 | N3: 154.47781 | O3: 100.22841 | P3: 227.62563 | Q3: 8.557036 | R3: 71.635944 | S3: 11.534041 | T3: 109 | U3: 13.286782 | V3: 60.119433 | W3: 228.12757 | X3: 0
A4: 2 | B4: 720.49932 | C4: 1.698006 | D4: 41.82745 | E4: 106.56117 | F4: 34.268127 | G4: 6.446053 | H4: 53.522254 | I4: 5.895584 | J4: 6.052748 | K4: 34.051536 | L4: 63.205284 | M4: 6.63671 | N4: 157.19448 | O4: 100.29489 | P4: 217.33389 | Q4: 8.53131 | R4: 71.209155 | S4: 11.47068 | T4: 114 | U4: 13.597027 | V4: 60.088013 | W4: 221.195 | X4: 0
A5: 3 | B5: 711.383 | C5: 1.622646 | D5: 41.874096 | E5: 106.07905 | F5: 34.296571 | G5: 6.419031 | H5: 47.383257 | I5: 6.086168 | J5: 5.7991864 | K5: 37.027708 | L5: 63.012982 | M5: 7.02554 | N5: 157.95073 | O5: 94.231504 | P5: 204.24301 | Q5: 8.506517 | R5: 71.257867 | S5: 11.817107 | T5: 133 | U5: 12.954427 | V5: 60.081701 | W5: 217.69755 | X5: 0
A6: 4 | B6: 710.03903 | C6: 1.716783 | D6: 41.847468 | E6: 104.55419 | F6: 34.833816 | G6: 5.908649 | H6: 50.463857 | I6: 6.035593 | J6: 5.7456667 | K6: 45.640832 | L6: 63.02488 | M6: 6.784457 | N6: 157.01779 | O6: 92.179534 | P6: 195.66982 | Q6: 8.567949 | R6: 71.223316 | S6: 11.723515 | T6: 104 | U6: 11.718935 | V6: 59.876173 | W6: 220.13553 | X6: 0
A7: 5 | B7: 712.7814 | C7: 2.040345 | D7: 42.640286 | E7: 103.60788 | F7: 34.330075 | G7: 6.387202 | H7: 59.739195 | I7: 5.861797 | J7: 5.5738743 | K7: 49.835474 | L7: 63.320158 | M7: 6.633081 | N7: 156.15854 | O7: 101.86425 | P7: 196.85198 | Q7: 8.546778 | R7: 72.002258 | S7: 11.513499 | T7: 100 | U7: 11.104887 | V7: 58.42847 | W7: 234.27508 | X7: 0
A8: 6 | B8: 710.01718 | C8: 3.017801 | D8: 42.965112 | E8: 103.81196 | F8: 34.780979 | G8: 5.958844 | H8: 52.795783 | I8: 5.749011 | J8: 5.6887302 | K8: 61.665232 | L8: 63.536302 | M8: 7.158392 | N8: 154.75284 | O8: 106.16399 | P8: 197.05875 | Q8: 8.541587 | R8: 76.799194 | S8: 11.457852 | T8: 119 | U8: 11.384223 | V8: 57.56299 | W8: 248.08428 | X8: 0
A9: 7 | B9: 721.69867 | C9: 3.389161 | D9: 42.936044 | E9: 101.57264 | F9: 35.013491 | G9: 5.737957 | H9: 50.846431 | I9: 5.714759 | J9: 6.7650621 | K9: 81.234204 | L9: 71.150354 | M9: 7.262483 | N9: 156.55328 | O9: 109.14086 | P9: 205.27646 | Q9: 8.626383 | R9: 74.151203 | S9: 11.459391 | T9: 117 | U9: 10.072649 | V9: 59.083033 | W9: 248.6071 | X9: 0
A10: 8 | B10: 731.72621 | C10: 3.235622 | D10: 42.999935 | E10: 100.04452 | F10: 30.460211 | G10: 10.063573 | H10: 65.04382 | I10: 5.766864 | J10: 7.977 | K10: 77.710814 | L10: 88.60777 | M10: 6.361276 | N10: 161.35663 | O10: 127.20759 | P10: 239.68643 | Q10: 8.774573 | R10: 72.024515 | S10: 11.655364 | T10: 117 | U10: 10.036016 | V10: 60.713755 | W10: 254.5604 | X10: 0
A11: 9 | B11: 730.98458 | C11: 3.31281 | D11: 42.706984 | E11: 99.4883 | F11: 29.067364 | G11: 11.386778 | H11: 75.47668 | I11: 6.106142 | J11: 8.7156667 | K11: 73.842996 | L11: 95.642998 | M11: 4.367749 | N11: 167.23777 | O11: 132.16392 | P11: 258.19855 | Q11: 8.653191 | R11: 71.310044 | S11: 12.301977 | T11: 109 | U11: 10.191104 | V11: 62.398884 | W11: 246.50008 | X11: 0
A12: 10 | B12: 740.39576 | C12: 3.231668 | D12: 41.954425 | E12: 97.785869 | F12: 29.007202 | G12: 11.443932 | H12: 67.119534 | I12: 5.702865 | J12: 9.9263333 | K12: 60.227162 | L12: 93.029358 | M12: 3.719184 | N12: 169.9022 | O12: 137.2844 | P12: 259.24952 | Q12: 8.442572 | R12: 70.078163 | S12: 12.286899 | T12: 99 | U12: 9.572076 | V12: 62.466584 | W12: 225.78778 | X12: 0.0068502939
A13: 11 | B13: 739.94691 | C13: 3.054126 | D13: 41.650694 | E13: 97.391215 | F13: 27.462807 | G13: 12.911107 | H13: 61.832065 | I13: 5.302224 | J13: 10.436446 | K13: 47.56618 | L13: 92.450866 | M13: 3.737909 | N13: 168.38906 | O13: 136.76927 | P13: 257.09563 | Q13: 8.389445 | R13: 69.676546 | S13: 12.192765 | T13: 103 | U13: 9.653144 | V13: 61.782372 | W13: 213.93933 | X13: 0.01285893
A14: 12 | B14: 738.41045 | C14: 2.038999 | D14: 41.622313 | E14: 97.05946 | F14: 27.846633 | G14: 12.546472 | H14: 65.903574 | I14: 5.367247 | J14: 9.8625537 | K14: 52.844702 | L14: 93.09211 | M14: 3.934279 | N14: 169.65217 | O14: 136.0262 | P14: 253.09484 | Q14: 8.321996 | R14: 69.725534 | S14: 12.18921 | T14: 106 | U14: 10.207246 | V14: 58.705476 | W14: 217.15112 | X14: 0.015062472
... A7275: 7273 | B7275: 532.51997 | C7275: 1.140993 | D7275: 13.843783 | E7275: 58.02129 | F7275: 49.758169 | G7275: 2.375923 | H7275: 50.271668 | I7275: 2.998648 | J7275: 8.489 | K7275: 26.600023 | L7275: 77.711642 | M7275: 6.732321 | N7275: 177.86737 | O7275: 83.073388 | P7275: 203.09116 | Q7275: 5.870763 | R7275: 39.10056 | S7275: 2.175887 | T7275: 149 | U7275: 23.551565 | V7275: 0 | W7275: 195.78311 | X7275: 0
A7276: 7274 | J7276: 7.504 | N7276: 111.67513 | T7276: 151 | X7276: 0
A7277: 7275 | B7277: 1308.1063 | C7277: 2.511581 | D7277: 35.12243 | E7277: 148.3603 | F7277: 64.1535 | G7277: 19.945117 | H7277: 109.88375 | I7277: 7.315503 | J7277: 13.692 | K7277: 40.47884 | L7277: 112.22638 | M7277: 15.510313 | N7277: 282.12048 | O7277: 143.77649 | P7277: 396.65328 | Q7277: 14.905079 | R7277: 77.336688 | S7277: 4.079248 | T7277: 153 | U7277: 80.58859 | V7277: 0 | W7277: 508.87609 | X7277: 0
A7278: 7276 | B7278: 1081.3454 | C7278: 2.232175 | D7278: 27.650234 | E7278: 115.09139 | F7278: 74.084794 | G7278: 9.502903 | H7278: 97.908042 | I7278: 6.32403 | J7278: 6.777 | K7278: 35.531878 | L7278: 98.984264 | M7278: 13.591021 | N7278: 215.54137 | O7278: 106.615 | P7278: 327.51775 | Q7278: 11.715676 | R7278: 60.346542 | S7278: 3.031576 | T7278: 144 | U7278: 44.064543 | V7278: 0 | W7278: 285.00325 | X7278: 0
A7279: 7277 | B7279: 827.71753 | C7279: 1.886272 | D7279: 21.960086 | E7279: 92.045 | F7279: 60.28272 | G7279: 5.702639 | H7279: 79.33031 | I7279: 4.932513 | J7279: 7.03 | K7279: 30.147276 | L7279: 74.83675 | M7279: 10.043868 | N7279: 168.38291 | O7279: 79.713854 | P7279: 234.15929 | Q7279: 9.242412 | R7279: 49.363726 | S7279: 1.991722 | T7279: 139 | U7279: 40.382299 | V7279: 0 | W7279: 262.18687 | X7279: 0
A7280: 7278 | B7280: 826.76951 | C7280: 2.839357 | D7280: 21.996976 | E7280: 91.5874 | F7280: 61.729137 | G7280: 4.75 | H7280: 68.774661 | I7280: 4.787348 | J7280: 7.304 | K7280: 30.086274 | L7280: 75.244532 | M7280: 9.94946 | N7280: 164.1065 | O7280: 81.21715 | P7280: 232.05232 | Q7280: 9.301483 | R7280: 52.456118 | S7280: 1.981139 | T7280: 128 | U7280: 35.949627 | V7280: 0 | W7280: 261.09435 | X7280: 0
A7281: 7279 | B7281: 826.30106 | C7281: 3.23838 | D7281: 21.77418 | E7281: 91.370858 | F7281: 60.826074 | G7281: 5.698417 | H7281: 68.546687 | I7281: 4.780513 | J7281: 7.426 | K7281: 26.165244 | L7281: 74.498314 | M7281: 9.632668 | N7281: 162.57764 | O7281: 84.325583 | P7281: 225.40435 | Q7281: 9.144028 | R7281: 49.136996 | S7281: 1.988382 | T7281: 136 | U7281: 34.212845 | V7281: 0 | W7281: 264.40572 | X7281: 0
A7282: 7280 | B7282: 822.05838 | C7282: 2.603998 | D7282: 21.612016 | E7282: 88.890379 | F7282: 59.582981 | G7282: 7.599472 | H7282: 76.250865 | I7282: 4.580817 | J7282: 6.841 | K7282: 21.741744 | L7282: 76.267612 | M7282: 9.020074 | N7282: 170.05079 | O7282: 80.309632 | P7282: 220.75461 | Q7282: 8.818305 | R7282: 46.79558 | S7282: 2.006931 | T7282: 131 | U7282: 33.453763 | V7282: 0 | W7282: 251.36514 | X7282: 0
A7283: 7281 | B7283: 825.99952 | C7283: 1.73412 | D7283: 21.854613 | E7283: 87.876316 | F7283: 61.687726 | G7283: 6.650264 | H7283: 70.559146 | I7283: 4.183989 | J7283: 6.307 | K7283: 27.240034 | L7283: 81.871624 | M7283: 7.752167 | N7283: 172.97689 | O7283: 81.282193 | P7283: 212.65269 | Q7283: 8.63036 | R7283: 46.500992 | S7283: 2.008873 | T7283: 129 | U7283: 29.441802 | V7283: 0 | W7283: 251.65891 | X7283: 0.14878169
A7284: 7282 | B7284: 849.64947 | C7284: 1.358585 | D7284: 21.931627 | E7284: 89.739951 | F7284: 60.473982 | G7284: 7.599736 | H7284: 65.211147 | I7284: 3.564151 | J7284: 6.288 | K7284: 40.483204 | L7284: 85.167998 | M7284: 6.994344 | N7284: 175.31103 | O7284: 86.052949 | P7284: 215.03842 | Q7284: 8.434271 | R7284: 46.81108 | S7284: 2.00199 | T7284: 145 | U7284: 28.163093 | V7284: 0 | W7284: 251.80159 | X7284: 0.19664059
A7285: 7283 | B7285: 873.10666 | C7285: 1.708378 | D7285: 21.626861 | E7285: 89.110763 | F7285: 57.311818 | G7285: 7.6 | H7285: 82.439093 | I7285: 3.76883 | J7285: 6.309 | K7285: 49.697914 | L7285: 87.472862 | M7285: 6.861047 | N7285: 185.54708 | O7285: 93.288203 | P7285: 224.3472 | Q7285: 8.077638 | R7285: 47.065484 | S7285: 1.964142 | T7285: 166 | U7285: 28.527822 | V7285: 0 | W7285: 256.47304 | X7285: 0.092503009
A7286: 7284 | B7286: 871.6389 | C7286: 1.679828 | D7286: 21.459812 | E7286: 88.470142 | F7286: 58.026834 | G7286: 7.6 | H7286: 93.740104 | I7286: 3.877489 | J7286: 6.384 | K7286: 49.619634 | L7286: 92.893934 | M7286: 7.065602 | N7286: 196.80402 | O7286: 95.696889 | P7286: 229.83128 | Q7286: 7.864371 | R7286: 47.21614 | S7286: 1.964927 | T7286: 182 | U7286: 29.126312 | V7286: 0 | W7286: 263.85205 | X7286: 0.18405142
A7287: 7285 | B7287: 872.88499 | C7287: 1.452782 | D7287: 21.341695 | E7287: 89.302527 | F7287: 60.339853 | G7287: 7.6 | H7287: 102.42219 | I7287: 3.714357 | J7287: 6.714 | K7287: 51.181808 | L7287: 94.644676 | M7287: 7.121846 | N7287: 199.90966 | O7287: 108.12332 | P7287: 236.57875 | Q7287: 7.917422 | R7287: 48.208264 | S7287: 2.100465 | T7287: 194 | U7287: 29.599449 | V7287: 0 | W7287: 253.10242 | X7287: 0.24117621
A7288: 7286 | B7288: 868.51371 | C7288: 1.440356 | D7288: 21.066436 | E7288: 91.861319 | F7288: 63.44092 | G7288: 4.750792 | H7288: 103.54479 | I7288: 3.524438 | J7288: 6.595 | K7288: 51.13084 | L7288: 88.049804 | M7288: 7.243158 | N7288: 200.95118 | O7288: 103.89683 | P7288: 252.27257 | Q7288: 7.799052 | R7288: 48.417424 | S7288: 2.13292 | T7288: 194 | U7288: 30.23122 | V7288: 0 | W7288: 257.76031 | X7288: 0.22919785
... A10634: 10632 | B10634: 809.79356 | C10634: 10.15489 | D10634: 25.351146 | E10634: 89.540763 | F10634: 48.581636 | G10634: 10.450264 | H10634: 71.183814 | I10634: 5.559183 | J10634: 7.2926475 | K10634: 24.161732 | L10634: 48.584927 | M10634: 7.51761 | N10634: 66.107018 | O10634: 60.430337 | P10634: 176.19002 | Q10634: 9.671556 | R10634: 32.577523 | S10634: 4.629508 | T10634: 146 | U10634: 34.524836 | V10634: 0 | W10634: 137.57518 | X10634: 0
A10635: 10633 | B10635: 830.55889 | C10635: 5.964028 | D10635: 25.375621 | E10635: 89.195269 | F10635: 49.583484 | G10635: 9.500264 | H10635: 63.482712 | I10635: 6.226961 | J10635: 6.3638525 | K10635: 33.193158 | L10635: 73.517358 | M10635: 8.742502 | N10635: 205.74331 | O10635: 87.812825 | P10635: 252.85515 | Q10635: 9.502737 | R10635: 51.592584 | S10635: 3.791298 | U10635: 35.619278 | V10635: 0 | W10635: 267.59391 | X10635: 0
A10636: 10634 | B10636: 817.38659 | C10636: 3.150889 | D10636: 25.427634 | E10636: 89.005683 | F10636: 48.578139 | G10636: 10.449736 | H10636: 60.157141 | I10636: 7.070997 | J10636: 6.3739831 | K10636: 29.810512 | L10636: 73.973296 | M10636: 8.301274 | N10636: 200.69313 | O10636: 83.010849 | P10636: 240.86086 | Q10636: 9.597247 | R10636: 51.221906 | S10636: 3.001481 | U10636: 36.724903 | V10636: 0 | W10636: 275.27477 | X10636: 0
A10637: 10635 | B10637: 809.14399 | C10637: 2.804482 | D10637: 25.70374 | E10637: 89.326108 | F10637: 42.58074 | G10637: 16.148416 | H10637: 66.923959 | I10637: 6.885005 | J10637: 6.3818366 | K10637: 30.514872 | L10637: 74.08902 | M10637: 8.029616 | N10637: 197.7656 | O10637: 81.770796 | P10637: 243.1191 | Q10637: 9.639642 | R10637: 51.421612 | S10637: 2.922029 | U10637: 35.009504 | V10637: 0 | W10637: 271.9474 | X10637: 0
A10638: 10636 | B10638: 793.21918 | C10638: 2.680373 | D10638: 25.733462 | E10638: 89.413536 | F10638: 43.581111 | G10638: 15.200264 | H10638: 64.198821 | I10638: 6.094838 | J10638: 6.4935871 | K10638: 30.226554 | L10638: 74.22522 | M10638: 7.897131 | N10638: 196.50013 | O10638: 81.214308 | P10638: 243.18322 | Q10638: 9.700263 | R10638: 51.792358 | S10638: 3.074779 | U10638: 33.230533 | V10638: 0 | W10638: 269.43094 | X10638: 0
A10639: 10637 | B10639: 785.52077 | C10639: 3.232299 | D10639: 26.232844 | E10639: 89.514789 | F10639: 44.582809 | G10639: 14.250264 | H10639: 61.132934 | I10639: 6.166646 | J10639: 6.4135932 | K10639: 29.977088 | L10639: 74.463104 | M10639: 7.815268 | N10639: 195.64149 | O10639: 81.178662 | P10639: 238.36862 | Q10639: 9.73753 | R10639: 53.439366 | S10639: 3.371683 | U10639: 34.552942 | V10639: 0 | W10639: 278.54806 | X10639: 0
A10640: 10638 | B10640: 785.78224 | C10640: 4.176397 | D10640: 26.420186 | E10640: 90.4582 | F10640: 48.583031 | G10640: 10.451055 | H10640: 67.563783 | I10640: 7.177412 | J10640: 6.2238333 | K10640: 29.122816 | L10640: 73.780374 | M10640: 7.4179 | N10640: 191.46713 | O10640: 79.562819 | P10640: 222.87043 | Q10640: 9.461441 | R10640: 55.518458 | S10640: 3.031693 | U10640: 43.057892 | V10640: 0 | W10640: 281.84032 | X10640: 0
A10641: 10639 | B10641: 793.11947 | C10641: 3.524525 | D10641: 26.100917 | E10641: 89.289051 | F10641: 47.580229 | G10641: 11.399736 | H10641: 64.240107 | I10641: 7.410529 | J10641: 5.6038333 | K10641: 27.911494 | L10641: 71.005536 | M10641: 5.697694 | N10641: 189.18532 | O10641: 76.798006 | P10641: 209.96118 | Q10641: 9.216727 | R10641: 51.90924 | S10641: 2.736594 | U10641: 32.969932 | V10641: 0 | W10641: 267.73083 | X10641: 0
A10642: 10640 | B10642: 804.76495 | C10642: 2.575378 | D10642: 25.409488 | E10642: 87.990765 | F10642: 46.582185 | G10642: 12.349736 | H10642: 59.630261 | I10642: 5.488479 | J10642: 5.2151667 | K10642: 26.456332 | L10642: 70.494452 | M10642: 5.00289 | N10642: 194.39472 | O10642: 77.224054 | P10642: 206.87691 | Q10642: 11.479729 | R10642: 50.057414 | S10642: 2.898684 | U10642: 28.422976 | V10642: 0 | W10642: 260.25134 | X10642: 0.10630307
A10643: 10641 | B10643: 809.447 | C10643: 2.367303 | D10643: 24.87554 | E10643: 87.841432 | F10643: 48.579936 | G10643: 10.450528 | H10643: 67.128837 | I10643: 4.677268 | J10643: 5.3148333 | K10643: 37.264782 | L10643: 72.404196 | M10643: 4.977764 | N10643: 202.84687 | O10643: 78.664905 | P10643: 206.36132 | Q10643: 11.980935 | R10643: 49.817566 | S10643: 3.431703 | U10643: 28.626262 | V10643: 0 | W10643: 264.92404 | X10643: 0.06536108
A10644: 10642 | B10644: 827.59903 | C10644: 2.558389 | D10644: 28.915764 | E10644: 90.246934 | F10644: 48.581803 | G10644: 10.45 | H10644: 71.494336 | I10644: 4.485437 | J10644: 5.3226667 | K10644: 55.191758 | L10644: 83.455468 | M10644: 4.964755 | N10644: 206.86681 | O10644: 84.053124 | P10644: 206.48295 | Q10644: 11.849026 | R10644: 49.631168 | S10644: 3.654546 | U10644: 31.343843 | V10644: 0 | W10644: 274.50435 | X10644: 0.09885305
A10645: 10643 | B10645: 858.63641 | C10645: 2.568751 | D10645: 37.693104 | E10645: 90.668892 | F10645: 45.577649 | G10645: 13.299208 | H10645: 74.756534 | I10645: 4.653609 | J10645: 5.5436667 | K10645: 64.575338 | L10645: 94.511078 | M10645: 5.220315 | N10645: 212.92003 | O10645: 106.80463 | P10645: 201.87702 | Q10645: 11.151819 | R10645: 49.344704 | S10645: 3.64775 | U10645: 27.620477 | V10645: 0 | W10645: 281.95818 | X10645: 0.13868638
A10646: 10644 | B10646: 858.85242 | C10646: 2.382996 | D10646: 41.001854 | E10646: 88.273756 | F10646: 47.572828 | G10646: 11.400528 | H10646: 80.823345 | I10646: 4.352512 | J10646: 5.2386667 | K10646: 67.15182 | L10646: 108.16079 | M10646: 5.602327 | N10646: 217.27595 | O10646: 115.54079 | P10646: 201.20787 | Q10646: 10.686482 | R10646: 50.169984 | S10646: 3.625183 | U10646: 29.255688 | V10646: 0 | W10646: 283.26178 | X10646: 0.1401781
... A10658: 10656 | B10658: 799.55132 | C10658: 2.9167 | D10658: 25.515062 | E10658: 88.775646 | F10658: 48.579965 | G10658: 10.45 | H10658: 72.424195 | I10658: 5.245277 | J10658: 5.8548689 | K10658: 19.674844 | L10658: 47.687148 | M10658: 7.945966 | N10658: 61.257068 | O10658: 56.095262 | P10658: 159.48094 | Q10658: 9.661142 | R10658: 32.10274 | S10658: 3.996122 | U10658: 27.080997 | V10658: 0 | W10658: 132.59335 | X10658: 0
A10659: 10657 | B10659: 791.30362 | C10659: 2.451416 | D10659: 25.504387 | E10659: 88.535421 | F10659: 49.577522 | G10659: 9.500264 | H10659: 65.301578 | I10659: 5.099908 | J10659: 5.9463684 | K10659: 30.100934 | L10659: 71.757166 | M10659: 7.899141 | N10659: 189.37304 | O10659: 81.834247 | P10659: 222.31679 | Q10659: 9.657765 | R10659: 50.801512 | S10659: 4.259302 | T10659: 104 | U10659: 25.366236 | V10659: 0 | W10659: 265.92375 | X10659: 0
A10660: 10658 | B10660: 793.73127 | C10660: 2.496542 | D10660: 25.92793 | E10660: 90.073754 | F10660: 46.581975 | G10660: 12.349208 | H10660: 62.039666 | I10660: 5.161621 | J10660: 6.0917627 | K10660: 30.543438 | L10660: 71.497294 | M10660: 7.79534 | N10660: 191.40996 | O10660: 81.804176 | P10660: 219.3266 | Q10660: 9.493815 | R10660: 51.567618 | S10660: 3.876296 | T10660: 102 | U10660: 25.284667 | V10660: 0 | W10660: 262.74997 | X10660: 0
A10661: 10659 | B10661: 786.8196 | C10661: 2.752503 | D10661: 25.822284 | E10661: 90.987886 | F10661: 48.584886 | G10661: 10.450528 | H10661: 69.896024 | I10661: 5.59765 | J10661: 6.1271667 | K10661: 31.180192 | L10661: 71.50974 | M10661: 7.775859 | N10661: 188.3849 | O10661: 87.13891 | P10661: 225.70894 | Q10661: 9.661591 | R10661: 51.66906 | S10661: 2.953145 | T10661: 105 | U10661: 26.041053 | V10661: 0 | W10661: 266.95223 | X10661: 0
A10662: 10660 | B10662: 785.39044 | C10662: 2.877636 | D10662: 26.268811 | E10662: 90.954774 | F10662: 48.585254 | G10662: 10.45 | H10662: 68.063435 | I10662: 6.003916 | J10662: 5.9663415 | K10662: 31.4646 | L10662: 71.630612 | M10662: 7.764539 | N10662: 183.86689 | O10662: 90.136926 | P10662: 225.0334 | Q10662: 9.804695 | R10662: 51.545062 | S10662: 2.648966 | T10662: 101 | U10662: 25.003834 | V10662: 0 | W10662: 269.66978 | X10662: 0
A10663: 10661 | B10663: 777.7568 | C10663: 3.022659 | D10663: 27.503409 | E10663: 90.570821 | F10663: 48.580695 | G10663: 10.45 | H10663: 62.200405 | I10663: 6.156783 | J10663: 5.9144918 | K10663: 31.48796 | L10663: 71.479726 | M10663: 7.780264 | N10663: 180.85888 | O10663: 83.600863 | P10663: 220.85568 | Q10663: 9.77837 | R10663: 53.006398 | S10663: 2.632882 | T10663: 104 | U10663: 24.973686 | V10663: 0 | W10663: 318.29163 | X10663: 0
A10664: 10662 | B10664: 781.82392 | C10664: 4.265493 | D10664: 34.775258 | E10664: 89.430287 | F10664: 49.580182 | G10664: 9.500264 | H10664: 72.741701 | I10664: 6.460837 | J10664: 6.1682034 | K10664: 41.900378 | L10664: 72.189846 | M10664: 9.872201 | N10664: 194.09549 | O10664: 90.566355 | P10664: 222.45156 | Q10664: 9.706043 | R10664: 55.211966 | S10664: 3.033714 | T10664: 106 | U10664: 26.438652 | V10664: 0 | W10664: 337.78162 | X10664: 0
A10665: 10663 | B10665: 827.21633 | C10665: 5.383594 | D10665: 48.58596 | E10665: 90.850167 | F10665: 47.579366 | G10665: 11.399472 | H10665: 89.33409 | I10665: 5.284383 | J10665: 8.3639633 | K10665: 64.894686 | L10665: 92.591356 | M10665: 15.856217 | N10665: 233.11373 | O10665: 170.36871 | P10665: 250.53634 | Q10665: 11.888941 | R10665: 51.858368 | S10665: 4.146892 | T10665: 178 | U10665: 34.606137 | V10665: 0 | W10665: 347.35629 | X10665: 0
A10666: 10664 | B10666: 897.9801 | C10666: 5.138224 | D10666: 76.731311 | E10666: 96.866124 | F10666: 41.824133 | G10666: 17.098416 | H10666: 105.22272 | I10666: 5.103762 | J10666: 13.346667 | K10666: 85.31284 | L10666: 139.1796 | M10666: 30.303759 | N10666: 279.44779 | O10666: 228.67557 | P10666: 352.18497 | Q10666: 26.466372 | R10666: 54.47558 | S10666: 9.203167 | T10666: 273 | U10666: 52.917043 | V10666: 0 | W10666: 419.25303 | X10666: 0.02501721
A10667: 10665 | B10667: 995.3285 | C10667: 5.767296 | D10667: 95.173355 | E10667: 108.24035 | F10667: 38.712087 | G10667: 19.949208 | H10667: 126.65276 | I10667: 6.231712 | J10667: 22.257 | K10667: 85.35351 | L10667: 169.60477 | M10667: 38.999933 | N10667: 328.12754 | O10667: 276.42319 | P10667: 454.82795 | Q10667: 33.944492 | R10667: 65.70272 | S10667: 12.867048 | T10667: 309 | U10667: 59.551658 | V10667: 0 | W10667: 494.8806 | X10667: 0.038533542
A10668: 10666 | B10668: 1082.329 | C10668: 8.993276 | D10668: 101.84474 | E10668: 121.96029 | F10668: 38.571639 | G10668: 19.95 | H10668: 147.22874 | I10668: 6.962659 | J10668: 26.205 | K10668: 92.034244 | L10668: 180.21999 | M10668: 39.842707 | N10668: 369.78455 | O10668: 310.86035 | P10668: 522.21245 | Q10668: 38.982803 | R10668: 75.119356 | S10668: 14.557302 | T10668: 348 | U10668: 62.890229 | V10668: 0 | W10668: 559.54239 | X10668: 0.06719986
A10669: 10667 | B10669: 1133.4714 | C10669: 10.685772 | D10669: 99.381416 | E10669: 125.41773 | F10669: 38.568516 | G10669: 19.95 | H10669: 144.3079 | I10669: 7.2859 | J10669: 27.432667 | K10669: 101.02835 | L10669: 198.36624 | M10669: 40.428607 | N10669: 390.9905 | O10669: 333.16035 | P10669: 555.62493 | Q10669: 41.464825 | R10669: 82.835874 | S10669: 16.398891 | T10669: 343 | U10669: 64.069684 | V10669: 0 | W10669: 569.88217 | X10669: 0.0733594
A10670: 10668 | B10670: 1163.1359 | C10670: 9.665145 | D10670: 100.07361 | E10670: 124.56678 | F10670: 37.574954 | G10670: 20.899736 | H10670: 144.67947 | I10670: 7.4507 | J10670: 23.915833 | K10670: 109.98293 | L10670: 192.05476 | M10670: 40.103981 | N10670: 409.71775 | O10670: 350.5172 | P10670: 573.3484 | Q10670: 39.659243 | R10670: 105.76036 | S10670: 17.209012 | T10670: 324 | U10670: 68.358462 | V10670: 0 | W10670: 581.95487 | X10670: 0.091093967
... A10706: 10704 | B10706: 863.02201 | C10706: 3.101988 | D10706: 25.421384 | E10706: 88.680265 | F10706: 48.575686 | G10706: 10.450264 | H10706: 67.835497 | I10706: 4.508034 | J10706: 6.1355 | K10706: 16.266924 | L10706: 49.110406 | M10706: 12.499593 | N10706: 56.244517 | O10706: 74.408879 | P10706: 161.64442 | Q10706: 10.271471 | R10706: 33.385519 | S10706: 4.381825 | T10706: 143 | U10706: 26.210651 | V10706: 0 | W10706: 157.91381 | X10706: 0
A10707: 10705 | B10707: 855.33609 | C10707: 2.628958 | D10707: 25.508316 | E10707: 89.390107 | F10707: 49.576772 | G10707: 9.500264 | H10707: 75.424709 | I10707: 4.263635 | J10707: 6.2031667 | K10707: 24.148802 | L10707: 73.961946 | M10707: 12.621084 | N10707: 176.3205 | O10707: 110.27553 | P10707: 240.65285 | Q10707: 10.49112 | R10707: 52.855762 | S10707: 3.82593 | U10707: 25.73147 | V10707: 0 | W10707: 308.46707 | X10707: 0
A10708: 10706 | B10708: 852.27249 | C10708: 2.533164 | D10708: 25.513516 | E10708: 88.624257 | F10708: 48.580953 | G10708: 10.449736 | H10708: 75.190819 | I10708: 4.6334 | J10708: 6.2686667 | K10708: 24.350042 | L10708: 75.971044 | M10708: 12.3631 | N10708: 173.49827 | O10708: 106.38391 | P10708: 247.25087 | Q10708: 10.44212 | R10708: 52.946448 | S10708: 3.097319 | U10708: 26.262501 | V10708: 0 | W10708: 315.7775 | X10708: 0
A10709: 10707 | B10709: 836.09826 | C10709: 2.524814 | D10709: 25.497669 | E10709: 88.40913 | F10709: 49.577446 | G10709: 9.500264 | H10709: 64.449647 | I10709: 4.795256 | J10709: 6.2943333 | K10709: 24.551486 | L10709: 75.768136 | M10709: 12.185181 | N10709: 171.9891 | O10709: 105.02079 | P10709: 254.12685 | Q10709: 10.346702 | R10709: 53.136996 | S10709: 2.882536 | U10709: 25.563316 | V10709: 0 | W10709: 316.45721 | X10709: 0
A10710: 10708 | B10710: 829.67857 | C10710: 2.528964 | D10710: 25.392716 | E10710: 88.3141 | F10710: 48.580011 | G10710: 10.449736 | H10710: 65.637186 | I10710: 5.107801 | J10710: 6.386 | K10710: 24.332624 | L10710: 74.288924 | M10710: 11.931345 | N10710: 170.11599 | O10710: 104.86069 | P10710: 244.48826 | Q10710: 10.214983 | R10710: 52.89236 | S10710: 2.924476 | U10710: 25.324277 | V10710: 0 | W10710: 316.33068 | X10710: 0
A10711: 10709 | B10711: 829.31865 | C10711: 3.012623 | D10711: 25.404345 | E10711: 88.375101 | F10711: 48.579855 | G10711: 10.45 | H10711: 73.852752 | I10711: 5.313175 | J10711: 6.3093279 | K10711: 24.705248 | L10711: 73.752274 | M10711: 11.814523 | N10711: 171.45874 | O10711: 104.14419 | P10711: 231.36036 | Q10711: 10.219356 | R10711: 54.229664 | S10711: 2.914043 | U10711: 25.502463 | V10711: 0 | W10711: 340.01573 | X10711: 0
A10712: 10710 | B10712: 838.01644 | C10712: 5.063213 | D10712: 37.504068 | E10712: 88.14422 | F10712: 49.575887 | G10712: 9.500264 | H10712: 73.871857 | I10712: 5.379013 | J10712: 6.7345874 | K10712: 39.466982 | L10712: 74.069324 | M10712: 13.546388 | N10712: 186.31177 | O10712: 111.62856 | P10712: 217.12476 | Q10712: 10.179925 | R10712: 56.568512 | S10712: 2.881602 | U10712: 25.567343 | V10712: 0 | W10712: 383.60843 | X10712: 0
A10713: 10711 | B10713: 894.15476 | C10713: 8.494975 | D10713: 52.550755 | E10713: 90.321479 | F10713: 48.572621 | G10713: 10.449736 | H10713: 84.189397 | I10713: 5.315152 | J10713: 10.407418 | K10713: 59.99895 | L10713: 85.554372 | M10713: 17.15928 | N10713: 226.88932 | O10713: 162.40876 | P10713: 237.30971 | Q10713: 12.706266 | R10713: 53.012582 | S10713: 2.757305 | U10713: 32.990603 | V10713: 0 | W10713: 424.59674 | X10713: 0.025028338
A10714: 10712 | B10714: 942.70727 | C10714: 12.516047 | D10714: 78.150684 | E10714: 93.814469 | F10714: 43.577306 | G10714: 15.19868 | H10714: 116.70229 | I10714: 5.699081 | J10714: 15.793333 | K10714: 74.654068 | L10714: 135.56027 | M10714: 31.664767 | N10714: 285.42853 | O10714: 222.31581 | P10714: 333.07361 | Q10714: 28.704517 | R10714: 56.22584 | S10714: 5.146788 | U10714: 57.533935 | V10714: 0 | W10714: 464.43773 | X10714: 0.056228835
A10715: 10713 | B10715: 1028.8025 | C10715: 14.127337 | D10715: 94.663548 | E10715: 109.78679 | F10715: 41.571424 | G10715: 17.099472 | H10715: 139.8531 | I10715: 5.593097 | J10715: 23.0775 | K10715: 81.211148 | L10715: 173.22726 | M10715: 40.405814 | N10715: 341.41043 | O10715: 279.19351 | P10715: 445.114 | Q10715: 38.106758 | R10715: 66.116614 | S10715: 11.821619 | U10715: 66.265162 | V10715: 0 | W10715: 538.95268 | X10715: 0.1020717
A10716: 10714 | B10716: 1115.032 | C10716: 9.997457 | D10716: 101.32563 | E10716: 122.36697 | F10716: 40.568304 | G10716: 18.049736 | H10716: 140.80024 | I10716: 6.343217 | J10716: 25.064833 | K10716: 94.566172 | L10716: 182.51942 | M10716: 42.341346 | N10716: 390.31068 | O10716: 320.0754 | P10716: 528.38523 | Q10716: 40.904194 | R10716: 73.419244 | S10716: 15.382357 | U10716: 67.12834 | V10716: 0 | W10716: 613.68583 | X10716: 0.097496992
A10717: 10715 | B10717: 1154.8694 | C10717: 11.499622 | D10717: 101.98252 | E10717: 132.18418 | F10717: 40.575636 | G10717: 18.05 | H10717: 149.62151 | I10717: 7.185829 | J10717: 21.770833 | K10717: 106.39695 | L10717: 190.40667 | M10717: 43.761597 | N10717: 414.41216 | O10717: 348.86674 | P10717: 577.92718 | Q10717: 41.735557 | R10717: 83.524604 | S10717: 16.418176 | U10717: 68.961355 | V10717: 0 | W10717: 637.80564 | X10717: 0.11498808
A10718: 10716 | B10718: 1173.07 | C10718: 16.285024 | D10718: 104.07485 | E10718: 135.84106 | F10718: 42.573218 | G10718: 16.150528 | H10718: 157.69094 | I10718: 7.634342 | J10718: 19.8005 | K10718: 112.87198 | L10718: 187.64047 | M10718: 40.745425 | N10718: 427.19704 | O10718: 365.73368 | P10718: 596.33956 | Q10718: 40.540715 | R10718: 88.068936 | S10718: 17.534184 | U10718: 74.752997 | V10718: 0 | W10718: 643.39584 | X10718: 0.16074964
... A10730: 10728 | B10730: 855.27999 | C10730: 3.526237 | D10730: 24.837514 | E10730: 91.052265 | F10730: 49.57745 | G10730: 9.500264 | H10730: 81.478516 | I10730: 4.990699 | J10730: 6.3631328 | K10730: 16.788869 | L10730: 48.087439 | M10730: 9.060707 | N10730: 63.330236 | O10730: 57.951106 | P10730: 151.73475 | Q10730: 9.166469 | R10730: 34.055496 | S10730: 4.531564 | U10730: 29.271609 | V10730: 0 | W10730: 163.23746 | X10730: 0
A10731: 10729 | B10731: 851.14146 | C10731: 2.72264 | D10731: 24.881104 | E10731: 89.804671 | F10731: 48.579012 | G10731: 10.449736 | H10731: 69.082112 | I10731: 5.41256 | J10731: 6.4488333 | K10731: 24.395252 | L10731: 72.172422 | M10731: 8.960624 | N10731: 179.08156 | O10731: 93.513405 | P10731: 216.12288 | Q10731: 9.201879 | R10731: 53.853752 | S10731: 4.604234 | T10731: 131 | U10731: 28.719218 | V10731: 0 | W10731: 324.33277 | X10731: 0
A10732: 10730 | B10732: 852.81929 | C10732: 2.58659 | D10732: 24.806619 | E10732: 89.855353 | F10732: 48.578685 | G10732: 10.45 | H10732: 70.285769 | I10732: 5.61145 | J10732: 6.3008333 | K10732: 24.404356 | L10732: 72.078686 | M10732: 8.796436 | N10732: 171.83528 | O10732: 89.478563 | P10732: 219.73089 | Q10732: 9.282217 | R10732: 53.573548 | S10732: 4.044967 | T10732: 128 | U10732: 27.718833 | V10732: 0 | W10732: 320.86201 | X10732: 0
A10733: 10731 | B10733: 841.58936 | C10733: 2.601996 | D10733: 24.814568 | E10733: 89.260758 | F10733: 49.580401 | G10733: 9.500264 | H10733: 77.765309 | I10733: 5.893038 | J10733: 6.1368333 | K10733: 24.44474 | L10733: 72.107682 | M10733: 8.770719 | N10733: 168.5006 | O10733: 85.525548 | P10733: 225.19592 | Q10733: 9.291147 | R10733: 53.540724 | S10733: 3.897869 | T10733: 126 | U10733: 27.717576 | V10733: 0 | W10733: 324.64196 | X10733: 0
A10734: 10732 | B10734: 836.38868 | C10734: 2.459231 | D10734: 24.972622 | E10734: 89.140483 | F10734: 48.581482 | G10734: 10.449736 | H10734: 69.3749 | I10734: 6.274895 | J10734: 6.1573333 | K10734: 24.885268 | L10734: 72.07231 | M10734: 8.771829 | N10734: 168.49011 | O10734: 83.938461 | P10734: 221.84447 | Q10734: 9.327577 | R10734: 53.692422 | S10734: 3.928805 | T10734: 116 | U10734: 30.891319 | V10734: 0 | W10734: 323.64164 | X10734: 0
A10735: 10733 | B10735: 835.03303 | C10735: 3.008864 | D10735: 24.828232 | E10735: 89.161503 | F10735: 49.579026 | G10735: 9.500264 | H10735: 65.2587 | I10735: 6.219861 | J10735: 6.0366667 | K10735: 25.084368 | L10735: 71.849836 | M10735: 8.740876 | N10735: 171.80424 | O10735: 79.592618 | P10735: 215.63122 | Q10735: 8.99756 | R10735: 55.15135 | S10735: 3.945955 | T10735: 112 | U10735: 28.864139 | V10735: 0 | W10735: 350.28284 | X10735: 0
A10736: 10734 | B10736: 847.72555 | C10736: 3.97868 | D10736: 32.904667 | E10736: 88.189692 | F10736: 47.579182 | G10736: 11.399472 | H10736: 78.309196 | I10736: 5.555248 | J10736: 6.1663333 | K10736: 35.670978 | L10736: 71.50152 | M10736: 12.598787 | N10736: 186.35782 | O10736: 87.660741 | P10736: 213.28069 | Q10736: 9.026679 | R10736: 57.148268 | S10736: 3.971459 | T10736: 111 | U10736: 26.998651 | V10736: 0 | W10736: 398.98129 | X10736: 0
A10737: 10735 | B10737: 881.45941 | C10737: 6.712073 | D10737: 56.092737 | E10737: 91.910557 | F10737: 45.577703 | G10737: 13.299472 | H10737: 90.283723 | I10737: 5.062067 | J10737: 9.3933333 | K10737: 58.047116 | L10737: 83.220474 | M10737: 18.335047 | N10737: 228.13324 | O10737: 155.53044 | P10737: 234.20088 | Q10737: 11.50429 | R10737: 53.785702 | S10737: 4.44856 | T10737: 186 | U10737: 31.588489 | V10737: 0 | W10737: 440.16839 | X10737: 0.033035652
A10738: 10736 | B10738: 942.35202 | C10738: 10.244965 | D10738: 78.233387 | E10738: 94.751007 | F10738: 40.57417 | G10738: 18.04868 | H10738: 103.06814 | I10738: 6.086859 | J10738: 12.008833 | K10738: 85.628904 | L10738: 136.67914 | M10738: 31.423403 | N10738: 275.77601 | O10738: 211.27878 | P10738: 319.55752 | Q10738: 27.000471 | R10738: 57.123162 | S10738: 6.688689 | T10738: 306 | U10738: 51.234361 | V10738: 0 | W10738: 490.33757 | X10738: 0.15686749
A10739: 10737 | B10739: 1028.8104 | C10739: 10.954408 | D10739: 93.594926 | E10739: 112.20534 | F10739: 40.570109 | G10739: 18.05 | H10739: 127.09592 | I10739: 8.094135 | J10739: 19.465833 | K10739: 100.43624 | L10739: 177.1741 | M10739: 40.185172 | N10739: 332.15995 | O10739: 260.90267 | P10739: 424.27648 | Q10739: 36.006428 | R10739: 67.6391 | S10739: 13.296075 | T10739: 315 | U10739: 60.278597 | V10739: 0 | W10739: 567.12625 | X10739: 0.22888236
A10740: 10738 | B10740: 1118.8847 | C10740: 11.065799 | D10740: 99.219015 | E10740: 119.926 | F10740: 38.57051 | G10740: 19.949472 | H10740: 141.96617 | I10740: 8.036954 | J10740: 21.748852 | K10740: 94.994418 | L10740: 185.70219 | M10740: 40.583337 | N10740: 378.14531 | O10740: 302.98712 | P10740: 498.34682 | Q10740: 39.005622 | R10740: 78.87874 | S10740: 16.25058 | T10740: 366 | U10740: 58.48845 | V10740: 0 | W10740: 618.13005 | X10740: 0.25784236
A10741: 10739 | B10741: 1124.4164 | C10741: 11.229711 | D10741: 102.29959 | E10741: 128.38915 | F10741: 37.571385 | G10741: 20.899736 | H10741: 135.68753 | I10741: 7.127878 | J10741: 18.579961 | K10741: 89.80702 | L10741: 184.67607 | M10741: 40.413428 | N10741: 407.31312 | O10741: 322.24981 | P10741: 537.6269 | Q10741: 39.620464 | R10741: 85.017828 | S10741: 16.824627 | T10741: 374 | U10741: 62.976236 | V10741: 0 | W10741: 605.29629 | X10741: 0.2684528
A10742: 10740 | B10742: 1169.8911 | C10742: 11.47696 | D10742: 105.39929 | E10742: 128.39394 | F10742: 40.568527 | G10742: 18.050792 | H10742: 143.78632 | I10742: 5.996752 | J10742: 18.302853 | K10742: 98.476516 | L10742: 181.3242 | M10742: 39.68225 | N10742: 423.48846 | O10742: 332.40692 | P10742: 545.65906 | Q10742: 40.650777 | R10742: 83.221776 | S10742: 17.430359 | T10742: 350 | U10742: 68.004032 | V10742: 0 | W10742: 582.72476 | X10742: 0.30305587
... A10804: 10802 | B10804: 852.53748 | C10804: 2.606284 | D10804: 24.495771 | E10804: 89.232387 | F10804: 48.579954 | G10804: 10.45 | H10804: 65.641686 | I10804: 5.517765 | J10804: 7.2918607 | K10804: 24.429402 | L10804: 72.00159 | M10804: 6.560661 | N10804: 187.88974 | O10804: 95.731246 | P10804: 245.37071 | Q10804: 10.455398 | R10804: 50.479008 | S10804: 3.178343 | T10804: 154 | U10804: 27.158915 | V10804: 0 | W10804: 268.75298 | X10804: 0
A10805: 10803 | B10805: 812.12926 | C10805: 3.013339 | D10805: 24.561412 | E10805: 90.734919 | F10805: 42.579828 | G10805: 16.148416 | H10805: 63.398539 | I10805: 5.584851 | J10805: 0 | K10805: 12.27268 | L10805: 35.644072 | M10805: 6.451005 | O10805: 50.709916 | P10805: 130.94269 | Q10805: 10.083922 | R10805: 25.54091 | S10805: 3.024687 | T10805: 157 | U10805: 27.802574 | V10805: 0 | W10805: 130.02931 | X10805: 0
A10806: 10804 | B10806: 806.70342 | C10806: 3.321442 | D10806: 24.623287 | E10806: 89.99994 | F10806: 44.580371 | G10806: 14.250528 | H10806: 71.577259 | I10806: 5.678115 | J10806: 7.2086393 | K10806: 24.741814 | L10806: 70.957595 | M10806: 6.424852 | N10806: 184.21316 | O10806: 98.353604 | P10806: 236.23711 | Q10806: 10.250725 | R10806: 51.407992 | S10806: 2.733243 | T10806: 150 | U10806: 30.519217 | V10806: 0 | W10806: 280.77134 | X10806: 0
A10807: 10805 | B10807: 815.46796 | C10807: 3.884085 | D10807: 24.568809 | E10807: 90.081928 | F10807: 43.577488 | G10807: 15.199736 | H10807: 68.539116 | I10807: 5.648512 | J10807: 6.6019831 | K10807: 24.997161 | L10807: 70.944939 | M10807: 6.525767 | N10807: 182.98089 | O10807: 99.660608 | P10807: 220.63986 | Q10807: 10.303197 | R10807: 52.801999 | S10807: 2.926639 | T10807: 129 | U10807: 38.162869 | V10807: 0 | W10807: 281.05513 | X10807: 0
A10808: 10806 | B10808: 822.15975 | C10808: 4.353258 | D10808: 24.321372 | E10808: 88.487109 | F10808: 48.572562 | G10808: 10.45132 | H10808: 60.435365 | I10808: 4.909889 | J10808: 6.2786836 | K10808: 24.305814 | L10808: 71.042174 | M10808: 6.220449 | N10808: 181.55309 | O10808: 98.10296 | P10808: 214.44475 | Q10808: 10.292987 | R10808: 52.275504 | S10808: 2.674151 | T10808: 121 | U10808: 30.361562 | V10808: 0 | W10808: 275.00156 | X10808: 0
A10809: 10807 | B10809: 822.65858 | C10809: 3.670324 | D10809: 24.039898 | E10809: 86.465551 | F10809: 49.57881 | G10809: 9.500264 | H10809: 66.978062 | I10809: 4.504158 | J10809: 6.263 | K10809: 21.741902 | L10809: 70.920072 | M10809: 4.272116 | N10809: 180.70593 | O10809: 94.236735 | P10809: 209.72457 | Q10809: 10.604908 | R10809: 49.943821 | S10809: 2.643681 | T10809: 117 | U10809: 31.878695 | V10809: 0 | W10809: 265.98581 | X10809: 0.02895575
A10810: 10808 | B10810: 823.79005 | C10810: 2.584188 | D10810: 24.160475 | E10810: 85.880965 | F10810: 47.574968 | G10810: 11.399472 | H10810: 68.884392 | I10810: 3.558862 | J10810: 5.6636667 | K10810: 23.515685 | L10810: 71.363104 | M10810: 3.504162 | N10810: 184.84258 | O10810: 92.386254 | P10810: 203.98601 | Q10810: 11.102957 | R10810: 48.875008 | S10810: 3.173924 | T10810: 128 | U10810: 28.499569 | V10810: 0 | W10810: 263.9333 | X10810: 0.038257968
A10811: 10809 | B10811: 830.94291 | C10811: 2.402057 | D10811: 28.244263 | E10811: 86.155129 | F10811: 48.574546 | G10811: 10.450264 | H10811: 65.706231 | I10811: 3.784872 | J10811: 5.42 | K10811: 36.695689 | L10811: 73.982372 | M10811: 3.821412 | N10811: 189.51041 | O10811: 94.309004 | P10811: 203.60046 | Q10811: 11.445576 | R10811: 48.857214 | S10811: 3.372651 | T10811: 141 | U10811: 22.706564 | V10811: 0 | W10811: 264.7052 | X10811: 0.18632103
A10812: 10810 | B10812: 854.94979 | C10812: 3.291857 | D10812: 37.399795 | E10812: 86.036829 | F10812: 48.581882 | G10812: 10.45 | H10812: 80.091012 | I10812: 4.068281 | J10812: 5.4415 | K10812: 51.712147 | L10812: 80.861736 | M10812: 3.954313 | N10812: 191.99918 | O10812: 99.102249 | P10812: 211.845 | Q10812: 10.74208 | R10812: 49.755334 | S10812: 3.412382 | T10812: 153 | U10812: 18.279375 | V10812: 0 | W10812: 261.46142 | X10812: 0.22604858
A10813: 10811 | B10813: 859.0678 | C10813: 2.89741 | D10813: 40.148754 | E10813: 85.918137 | F10813: 44.583894 | G10813: 14.248945 | H10813: 90.924211 | I10813: 3.87724 | J10813: 5.7796667 | K10813: 57.727246 | L10813: 88.427977 | M10813: 3.930829 | N10813: 208.67564 | O10813: 105.57247 | P10813: 221.08204 | Q10813: 10.469039 | R10813: 50.661148 | S10813: 3.688004 | T10813: 171 | U10813: 18.738057 | V10813: 0 | W10813: 260.10196 | X10813: 0.23108188
A10814: 10812 | B10814: 857.99486 | C10814: 2.409189 | D10814: 40.075232 | E10814: 86.087131 | F10814: 45.57921 | G10814: 13.300264 | H10814: 91.736885 | I10814: 3.698064 | J10814: 5.9315 | K10814: 57.683915 | L10814: 97.1959 | M10814: 4.273021 | N10814: 219.64188 | O10814: 109.27626 | P10814: 224.7334 | Q10814: 10.183357 | R10814: 51.073176 | S10814: 3.826063 | T10814: 156 | U10814: 17.665752 | V10814: 0 | W10814: 261.13278 | X10814: 0.24502922
A10815: 10813 | B10815: 879.47419 | C10815: 2.843292 | D10815: 40.19745 | E10815: 86.175912 | F10815: 48.578482 | G10815: 10.450792 | H10815: 88.411428 | I10815: 2.636888 | J10815: 5.6939836 | K10815: 57.229988 | L10815: 107.86487 | M10815: 4.237586 | N10815: 220.27387 | O10815: 111.03776 | P10815: 229.20056 | Q10815: 10.004262 | R10815: 51.373043 | S10815: 3.821781 | T10815: 151 | U10815: 18.222821 | V10815: 0 | W10815: 263.4605 | X10815: 0.25388587
A10816: 10814 | B10816: 868.81819 | C10816: 3.127505 | D10816: 39.891948 | E10816: 89.767621 | F10816: 49.581435 | G10816: 9.500264 | H10816: 80.815355 | I10816: 2.83906 | J10816: 5.5942706 | K10816: 57.513637 | L10816: 116.28106 | M10816: 4.673317 | N10816: 221.72006 | O10816: 112.46273 | P10816: 239.53164 | Q10816: 10.213132 | R10816: 51.476287 | S10816: 3.583024 | T10816: 164 | U10816: 27.996165 | V10816: 0 | W10816: 263.47046 | X10816: 0.26117698
A10817: 10815 | B10817: 859.07454 | C10817: 2.433505 | D10817: 39.066173 | E10817: 90.903662 | F10817: 48.578039 | G10817: 10.449736 | H10817: 78.144194 | I10817: 3.403427 | J10817: 5.6944179 | K10817: 53.446495 | L10817: 122.04139 | M10817: 7.717233 | N10817: 220.66401 | O10817: 108.83661 | P10817: 250.20758 | Q10817: 10.491647 | R10817: 51.023911 | S10817: 3.552127 | T10817: 165 | U10817: 29.190421 | V10817: 0 | W10817: 255.90522 | X10817: 0.22096437
... A10884: 10882 | B10884: 1185.8135 | C10884: 16.715611 | D10884: 101.49796 | E10884: 128.52669 | F10884: 77.407231 | G10884: 20.899736 | H10884: 156.67741 | I10884: 7.326562 | J10884: 21.716623 | K10884: 85.673236 | L10884: 193.25 | M10884: 42.465232 | N10884: 506.48615 | O10884: 336.90904 | P10884: 568.59027 | Q10884: 43.173518 | R10884: 77.222975 | S10884: 18.502199 | T10884: 348 | U10884: 72.515026 | V10884: 0 | W10884: 585.10357 | X10884: 0.081157212
A10885: 10883 | B10885: 1208.3293 | C10885: 10.988081 | D10885: 104.08757 | E10885: 132.70049 | F10885: 84.643266 | G10885: 19.950264 | H10885: 163.37642 | I10885: 7.522876 | K10885: 95.277278 | L10885: 195.61937 | M10885: 40.697321 | N10885: 539.78886 | O10885: 365.42814 | P10885: 609.364 | Q10885: 41.976288 | R10885: 83.061914 | S10885: 18.990594 | T10885: 340 | U10885: 83.722231 | V10885: 0 | W10885: 597.22544 | X10885: 0.12696276
A10886: 10884 | B10886: 1209.8924 | C10886: 9.322471 | D10886: 102.04909 | E10886: 129.97877 | F10886: 92.917257 | G10886: 19.000264 | H10886: 152.32313 | I10886: 7.189852 | K10886: 93.853535 | L10886: 192.95584 | M10886: 38.737009 | N10886: 549.11712 | O10886: 370.14755 | P10886: 608.64769 | Q10886: 43.772023 | R10886: 85.52922 | S10886: 18.904363 | T10886: 353 | U10886: 75.530749 | V10886: 0 | W10886: 606.49192 | X10886: 0.10094146
A10887: 10885 | B10887: 1211.4363 | C10887: 10.951409 | D10887: 99.666496 | E10887: 132.46703 | F10887: 92.862818 | G10887: 20.899472 | H10887: 157.18999 | I10887: 7.250155 | K10887: 85.033985 | L10887: 193.38595 | M10887: 40.961097 | N10887: 558.83136 | O10887: 360.41722 | P10887: 589.23317 | Q10887: 45.010933 | R10887: 87.325907 | S10887: 17.985287 | T10887: 277 | U10887: 75.21592 | V10887: 0 | W10887: 617.23711 | X10887: 0.090843233
A10888: 10886 | B10888: 1226.2161 | C10888: 9.924425 | D10888: 100.68564 | E10888: 140.35419 | F10888: 97.442248 | G10888: 19.000528 | H10888: 166.55172 | I10888: 7.346546 | K10888: 88.876215 | L10888: 195.66724 | M10888: 40.994663 | N10888: 618.33167 | O10888: 357.76305 | P10888: 588.25173 | Q10888: 43.788162 | R10888: 89.623222 | S10888: 17.740145 | T10888: 264 | U10888: 77.648669 | V10888: 0 | W10888: 623.12353 | X10888: 0.11731124
A10889: 10887 | B10889: 1204.0094 | C10889: 8.745841 | D10889: 101.41832 | E10889: 137.45299 | F10889: 98.779903 | G10889: 19 | H10889: 162.70834 | I10889: 7.268554 | K10889: 95.355705 | L10889: 194.74976 | M10889: 39.272707 | N10889: 639.71918 | O10889: 353.58067 | P10889: 599.95781 | Q10889: 40.476839 | R10889: 89.933979 | S10889: 18.261326 | T10889: 271 | U10889: 72.191831 | V10889: 0 | W10889: 592.91458 | X10889: 0.089800365
...

Sheet Loads, DERs, IEDs per bus
A3: MV-ID number | B3: LV-ID number | C3: Building code (AH) | D3: Building Name | E3: Available resources | F3: Available Measurement | G3: Presence of Load | H3: File Name historic consumption data | I3: ID of data in the DB | J3: Comments on historical data | K3: ID of consumption Data from API | L3: Presence of PVs ? | M3: File Name historic production data | N3: ID of production Data from API | O3: Question to AH | P3: TFO | Q3: GPS | R3: Comment | S3: Data_Pertinence | T3: Data_Pertinence_production | U3: Column1 | V3: PV data | W3: Load data | X3: PV prediction | Y3: Load prediction
A4: 1 | C4: 0.29722222 | D4: connection to external grid | E4: None | F4: Total active power consumption Chalmers Campus Voltage per phase | G4: NO | H4: Chalmers test site\Historical data\Mätdata\Mätdata\Inkommande el campus | J4: We have some historical data but it is not in AH API | K4: INKOP_EL_SUM_PROD_PV | L4: NO | O4: is this the correct tag correct: O0007008_EL_901_PV2 | P4: - | Q4: 57.68936959071839, 11.977282946239676
A5: 2 | C5: 07:8.1 | D5: rum 4026 (Kraftcentralen) | E5: None | F5: None | G5: NO | L5: NO | P5: -
A6: 3 | C6: 07:8.1.3 | D6: rum 4023 (Kraftcentralen) | E6: None | F6: None | G6: ??? | L6: NO | O6: Är det någon last ansluten hit? I cant find the measurement for this, I think it should be 2 transformers here but i cant find any data for those. | P6: T08.5
A7: 4 | B7: 39 | C7: 0.30486111 | D7: Karhus CFAB,Karhus studenter, Cadministration | E7: Load | F7: Active power consumption Voltage per phase Current per phase | G7: YES | H7: 9653 | J7: No data for begining of 2019, a large peak in begining of january | K7: O0007019_EL_SUM_CONS_PV | L7: NO | O7: Does this include data for kårhus and kårhus student as well? | P7: T19.1 | Q7: 57.68889361071283, 11.974691932327556 | S7: No data after 05/2019 | Z7: 25, 26, 29 nodes : same building
A8: 5 | B8: 40 | C8: 0.30763889 | D8: SB2 | E8: Load Solar PV | F8: Active power consumption Voltage per phase Current per phase | G8: YES | H8: 9614 | K8: O0007023_EL_SUM_CONS_PV | L8: YES | M8: 16821 | N8: O0007023_EL_SUM_PROD_PV | P8: T23.1 | Q8: 57.687683561108855, 11.976344173083652 | Z8: How to model the power injection/consumption from the blue area
A9: 5 | B9: 40 | C9: 0.30972222 | D9: SB1 Arkitektur | E9: Load Solar PV | F9: Active power consumption Voltage per phase Current per phase | G9: YES | H9: 9658 | K9: O0007026_EL_SUM_CONS_PV | L9: YES | M9: 16710 | N9: O0007026_EL_SUM_PROD_PV | P9: T23.2
A10: 6 | B10: 7 | C10: 0.31041667 | D10: SB3 | E10: Load Solar PV (Q control) | F10: Active power consumption Voltage per phase Current per phase | G10: YES | H10: 9659 | I10: O7:43 is included in O7:27 in external file | K10: O0007027_EL_SUM_CONS_PV | L10: YES | M10: 16871 (norra) | N10: O0007027_EL_SUM_PROD_PV | O10: O0007027_EL_SUM_PROD_PV : is it the sum of the two pv panels production ? Or is it only norra ? If so | P10: T27.2 | Q10: 57.68645053059342, 11.977481429706609 | AA10: probably not possible to have all the measurements
A11: 6 | B11: 7 | C11: 0.32152778 | D11: Phus | E11: Load (EV charger + light) | F11: Active power consumption Voltage per phase Current per phase | G11: YES | H11: 15755 | I11: O7:43 is included in O7:27 in external file | K11: O0007043_EL_SUM_CONS_PV | L11: NO | P11: T27.2 | Q11: 57.68645053059342, 11.977481429706609 | AA11: agreagated
A12: 6 | B12: 7 | C12: 07:27.44 | D12: AWL + PV on södra hallen | E12: Load Solar PV Battery | F12: Active power consumption Voltage per phase Current per phase | G12: YES | H12: 16991 | J12: New building no historical data since 2019 | K12: O0007044_EL_SUM_CONS_PV | L12: YES | M12: 16884 | N12: O0007044_EL_SUM_PROD_PV | P12: T27.2 | Q12: 57.685762309280555, 11.978436296118316 | R12: located under 07:27 | S12: Last months have a static value | T12: I think there has been some communication errors here as well | AA12: small area and small voltage deviations
A13: 8 | B13: 9 | C13: 07:29E | D13: MC2 | E13: Load | F13: Active power consumption Voltage per phase Current per phase | G13: YES | H13: Chalmers test site\Historical data\Mätdata\Mätdata\MC2 | J13: We have some historical data but it is not in AH system | K13: O3060133_EL_SUM_CONS_PV | L13: NO | P13: T1, T3, T5 | Q13: 57.6911616280284, 11.97519082321022
A14: 10 | C14: 07:8.1.1 | D14: - | E14: None | G14: NO | L14: NO | P14: -
A15: 11 | B15: 12 | C15: 07:8.1.1.1 | D15: Kraftcentral | E15: Load Solar PV Heat pump * 2 CHP | F15: Active power consumption Voltage per phase Current per phase | G15: YES | H15: 9513 | K15: O0007008_EL_SUM_CONS_PV | L15: YES | M15: 16943 | N15: O0007008_EL_SUM_PROD_PV | O15: Förbrukningen för lokalkontoret är inkluderat i kraftcentralen i webport, hur ser det ut i historisk data? | P15: T08.1, T08.3 | Q15: 57.68936959071839, 11.977282946239676
A16: 11 | B16: 12 | C16: 07:8.1.1.1 / 07:0888 | D16: Lokalkontor | E16: Load Controlable Ventilation | F16: Active power consumption Voltage per phase Current per phase | G16: YES | H16: 9821 | K16: O0007888_EL_001_PV2 | L16: NO | O16: Är förbrukningen för lokalkontoret inkluderat i kraftcentralen i den historiska datan? | P16: T08.1, T08.3 | Q16: 57.68936959071839, 11.977282946239676
A17: 13 | C17: 07:8.1.2 | D17: - | E17: None | G17: NO | L17: NO | P17: -
A18: 14 | B18: 15 | C18: 0.29583333 | D18: NyaMatte | E18: Load | F18: Active power consumption Voltage per phase Current per phase | G18: YES | H18: 14506 | K18: O0007006_EL_SUM_CONS_PV | L18: NO | P18: T06.1 | Q18: 57.69022691242387, 11.977663819927612
A19: 14 | B19: 15 | C19: 0.30347222 | D19: Bibliotek | E19: Load Solar PV (Q control) | F19: Active power consumption Voltage per phase Current per phase | G19: YES | H19: 9613 | I19: in the external file this is also included in O7:06 | K19: O0007017_EL_SUM_CONS_PV | L19: YES | M19: 16872 | N19: O0007017_EL_SUM_PROD_PV | O19: data also available here 07_17 external file | P19: T06.1 | Q19: 57.690437640065284, 11.97860173793054 | R19: Located under 07:06
A20: 16 | B20: 17 | C20: 0.30416667 | D20: Idelara | E20: Load | F20: Active power consumption Voltage per phase Current per phase | H20: 9652 | K20: O0007018_EL_SUM_CONS_PV | L20: NO | P20: T11.2 | Q20: 57.68763768164879, 11.978323643339133
A21: 16 | B21: 17 | C21: 07:11B | D21: Studentbostader | E21: Load | F21: Active power consumption Voltage per phase Current per phase | G21: ??? | H21: 9514 | J21: The data file is empty | L21: NO | O21: Do we have any data for studentbostäder? Where is this consumption measured | P21: T11.2 | Q21: 57.68763768164879, 11.978323643339133 | S21: No data | T21: This is owned by another landlord so they do probably not have any data for this building but im investigating. | AQ21: Node 7 : maybe part of node 5 ? Or not existing ?
A22: 16 | B22: 17 | C22: 0.30833333 | D22: Edit | E22: Load Solar PV (Q control) | F22: Active power consumption Voltage per phase Current per phase | G22: YES | H22: 14497 | K22: O0007024_EL_SUM_CONS_PV | L22: YES | M22: O7_24 external file | N22: O0007024_EL_SUM_PROD_PV | P22: T11.2 | Q22: 57.68763768164879, 11.978323643339133 | R22: located under 07:11b
A23: 18 | B23: 19 | C23: 0.31111111 | D23: Maskinteknik | E23: Load Solar PV Battery HP | F23: Active power consumption Voltage per phase Current per phase | G23: YES | H23: 9686 | I23: in external file 07:28 include 07:22 but not O7:25 | K23: O0007028_EL_SUM_CONS_PV | L23: YES | M23: O7_28 external file+E22D22:K23N23F22:K23C22:K23 | N23: O0007028_EL_SUM_PROD_PV | O23: OBS: In the realtime data consumption for HP at Maskin is merged with consumption kraftcentralen, is it the same for historical data? | P23: T28.1, T28.3 | Q23: 57.689191815776, 11.978468482627191
A24: 18 | B24: 19 | C24: 0.30902778 | D24: HB | E24: Load | F24: Active power consumption Voltage per phase Current per phase | G24: YES | H24: 9657 | I24: in external file 07:28 include 07:22 but not O7:25 | K24: O0007022_EL_SUM_CONS_PV | L24: NO | P24: T28.1, T28.3 | Q24: 57.689191815776, 11.978468482627191
A25: 18 | B25: 19 | C25: 0.30694444 | D25: HA | E25: Load | F25: Active power consumption Voltage per phase Current per phase | G25: YES | H25: 9656 | I25: in external file 07:28 include 07:22 but not O7:25 | K25: O0007025_EL_SUM_CONS_PV | L25: NO | P25: T28.1, T28.3 | Q25: 57.689191815776, 11.978468482627191
A26: 21 | B26: 24 | C26: 0.29236111 | D26: Fysik Origo | E26: Load | F26: Active power consumption Voltage per phase Current per phase | G26: YES | H26: 14505 | K26: O0007001_EL_SUM_CONS_PV | L26: NO | P26: T01.1, T01.2 | Q26: 57.69007207990653, 11.975974028244467
A27: 22 | B27: 23 | C27: O11 | D27: Fysik Soliden | E27: Load | F27: Active power consumption Voltage per phase Current per phase | G27: YES | H27: 14503 | K27: O0011001_EL_SUM_CONS_PV | L27: NO | P27: T13.1 | Q27: 57.69022691242387, 11.975035255087162 | S27: Strange data 24/01/2021 -> 23/02/2021 | T27: There was some error in the communication system causing this issue. Cant do anything about it
A28: 22 | B28: 23 | C28: O05 | D28: Polymerteknologi | E28: Load | F28: Active power consumption Voltage per phase Current per phase | G28: YES | H28: 9648 | K28: O0007005_EL_SUM_CONS_PV | L28: NO | O28: Is this the same as IT gymnasiet villan? | P28: ??? | S28: Strange data 24/01/2021 -> 23/02/2021 | T28: There was some error in the communication system causing this issue. Cant do anything about it | AO28: hj
A29: 22 | B29: 23 | C29: O13 | D29: Keramforskning | E29: Load | F29: Active power consumption Voltage per phase Current per phase | G29: YES | H29: 9738 | K29: O0013001_EL_SUM_CONS_PV | L29: NO | O29: s this the same as IT gymnasiet? | P29: ??? | S29: Strange data 24/01/2021 -> 23/02/2021 | T29: There was some error in the communication system causing this issue. Cant do anything about it
A30: 31 | B30: 37 | C30: 07:35(SF) | D30: - | E30: None | G30: ??? | H30: 9820 | J30: The data file is empty | L30: NO | O30: Vi har ingen data för "ställverk förråd" | P30: - | S30: No data | T30: It could be that there are no loads here.
A31: 33 | B31: 34 | C31: 0.3 | D31: Elkraftteknik | E31: Load | F31: Active power consumption Voltage per phase Current per phase | G31: YES | H31: 9651 | K31: O0007012_EL_SUM_CONS_PV | L31: NO | P31: T12.1, T12.2 | Q31: 57.68733659628452, 11.979782765041815
A32: 33 | B32: 34 | C32: 0.30625 | D32: HC | E32: Load | F32: Active power consumption Voltage per phase Current per phase | G32: YES | H32: 9655 | K32: O0007021_EL_SUM_CONS_PV | L32: NO | P32: T12.1, T12.2 | Q32: 57.68733659628452, 11.979782765041815
A33: 33 | B33: 34 | C33: 0.30138889 | D33: Gibraltar herrgard | E33: Load | F33: Active power consumption Voltage per phase Current per phase | G33: YES | H33: 9515 | K33: O0007014_EL_SUM_CONS_PV | L33: NO | P33: T12.1, T12.2 | Q33: 57.68733659628452, 11.979782765041815 | S33: Strange data 24/01/2021 -> 23/02/2021 | T33: Im not sure why.
A34: 35 | B34: 36 | C34: 0.32013889 | D34: GamlaMatte | E34: Load | F34: Active power consumption Voltage per phase Current per phase | G34: YES | H34: 9687 | K34: O0007040_EL_SUM_CONS_PV | L34: NO | O34: Is this the same as eklandagatan 86 difference between 07:40 and 07:41? | P34: T40.1 | Q34: 57.68553576690779, 11.981858794825294
L35: NO | P35: -
A36: 25 | B36: 28 | C36: 07:4.1 | D36: Kemi | E36: Load Solar PV | G36: We do not have separete measurements for this, part of 07:3/4 | H36: 24/03/2021 : David will investigate the possibility to collect historic data from nodes 25,26,29 | K36: included in 07:03/4 | L36: There is only one plant at kemi i suggest to model this as 1 node. | O36: No division between the transformers in your data
A37: 26 | B37: 27 | C37: 07:4.2 | D37: Kemi | E37: Load Solar PV | G37: We do not have separete measurements for this, part of 07:3/4 | H37: 24/03/2021 : David will investigate the possibility to collect historic data from nodes 25,26,29 | K37: included in 07:03/4 | L37: There is only one plant at kemi i suggest to model this as 1 node.
A38: 29 | B38: 30 | C38: 07:3/4 | D38: Kemi | E38: Load Solar PV | F38: Active power consumption Voltage per phase Current per phase | G38: YES | H38: \Chalmers test site\Historical data\Mätdata\Mätdata\Kemi | J38: We have some historical data but it is not in AH system. | K38: O3060132_EL_SUM_CONS_PV | L38: YES | M38: Chalmers test site\Historical data\Mätdata\Mätdata\Kemi\Solceller | N38: 24/03/2021 : David to provide the ID to collect these data in RT | O38: Does this include PV production e.g. net consumption? | P38: T04.6 | Q38: 57.691022665628765, 11.977301451630304

Sheet Important notes
B2: no | C2: Problem / Issue | D2: Solution
B3: 1 | C3: Electricity consumption for VKA1 is included in 07:08 although actual (electrical) connected to 07:28 | D3: Remove meter XXX from 07:08 Add meter XXX to 07:28

Sheet 07_44
A2: Energy storage at bus 07:44 (AWL)
A3: Capacities/limitations | B3: Value | C3: Comment | D3: TAG
A4: Peak power | B4: Xx kW
A5: Energy capacity | B5: 200 kW
A6: Ramprate
A7: Control signals
A8: Active power charge/discharge | B8: X kW | D8: O0007028_A_FERRO_POWER_SP
A9: Activate external control | B9: Binary 0/1 | D9: O0007028_A_FERRO_ACTIVATE_CMD
A10: Execute external command | B10: Binary 0/1 | C10: Should be set to 0 after execution | D10: O0007028_A_FERRO_EXECUTE_CMD
A11: O0007044_FERRO_GRIDFREQ_PV | B11: O0007044_FERRO_GRIDFREQ_PV | C11: O0007044_FERRO_GRIDFREQ_PV | D11: O0007044_FERRO_GRIDFREQ_PV
A12: Measurement
A13: Active power | D13: O0007044_EHUB_PBAT_PV
A14: Grid Frequency | D14: O0007044_FERRO_GRIDFREQ_PV
A15: SoC
D19: O0007044_EL_904_U1_PV
D20: O0007044_EL_904_U2_PV
D21: O0007044_EL_904_U3_PV

Sheet Cable properties-reference
B1: R_ohm_per_km | C1: L_mH_per_km | D1: c_nf_per_km | E1: max_i_kA
A2: Al240 | B2: 0.125 | C2: 0.27 | D2: =0.42*1000 -> 420 | E2: 0.34
A3: Al150 | B3: 0.206 | C3: 0.29 | D3: =0.35*1000 -> 350 | E3: 0.26
A4: Al95 | B4: 0.32 | C4: 0.31 | D4: =0.3*1000 -> 300 | E4: 0.205
